date,geo,term,search_interest
2018-01-01,AE,GLP-1,0
2018-02-01,AE,GLP-1,0
2018-03-01,AE,GLP-1,0
2018-04-01,AE,GLP-1,0
2018-05-01,AE,GLP-1,0
2018-06-01,AE,GLP-1,2
2018-07-01,AE,GLP-1,0
2018-08-01,AE,GLP-1,0
2018-09-01,AE,GLP-1,0
2018-10-01,AE,GLP-1,0
2018-11-01,AE,GLP-1,0
2018-12-01,AE,GLP-1,0
2019-01-01,AE,GLP-1,0
2019-02-01,AE,GLP-1,0
2019-03-01,AE,GLP-1,0
2019-04-01,AE,GLP-1,0
2019-05-01,AE,GLP-1,0
2019-06-01,AE,GLP-1,0
2019-07-01,AE,GLP-1,0
2019-08-01,AE,GLP-1,0
2019-09-01,AE,GLP-1,0
2019-10-01,AE,GLP-1,0
2019-11-01,AE,GLP-1,0
2019-12-01,AE,GLP-1,0
2020-01-01,AE,GLP-1,0
2020-02-01,AE,GLP-1,0
2020-03-01,AE,GLP-1,2
2020-04-01,AE,GLP-1,0
2020-05-01,AE,GLP-1,0
2020-06-01,AE,GLP-1,2
2020-07-01,AE,GLP-1,0
2020-08-01,AE,GLP-1,0
2020-09-01,AE,GLP-1,0
2020-10-01,AE,GLP-1,0
2020-11-01,AE,GLP-1,0
2020-12-01,AE,GLP-1,0
2021-01-01,AE,GLP-1,0
2021-02-01,AE,GLP-1,0
2021-03-01,AE,GLP-1,0
2021-04-01,AE,GLP-1,0
2021-05-01,AE,GLP-1,0
2021-06-01,AE,GLP-1,0
2021-07-01,AE,GLP-1,0
2021-08-01,AE,GLP-1,0
2021-09-01,AE,GLP-1,0
2021-10-01,AE,GLP-1,2
2021-11-01,AE,GLP-1,0
2021-12-01,AE,GLP-1,0
2022-01-01,AE,GLP-1,0
2022-02-01,AE,GLP-1,0
2022-03-01,AE,GLP-1,0
2022-04-01,AE,GLP-1,1
2022-05-01,AE,GLP-1,0
2022-06-01,AE,GLP-1,0
2022-07-01,AE,GLP-1,0
2022-08-01,AE,GLP-1,0
2022-09-01,AE,GLP-1,0
2022-10-01,AE,GLP-1,0
2022-11-01,AE,GLP-1,0
2022-12-01,AE,GLP-1,0
2023-01-01,AE,GLP-1,0
2023-02-01,AE,GLP-1,2
2023-03-01,AE,GLP-1,0
2023-04-01,AE,GLP-1,0
2023-05-01,AE,GLP-1,0
2023-06-01,AE,GLP-1,1
2023-07-01,AE,GLP-1,0
2023-08-01,AE,GLP-1,0
2023-09-01,AE,GLP-1,2
2023-10-01,AE,GLP-1,1
2023-11-01,AE,GLP-1,0
2023-12-01,AE,GLP-1,2
2024-01-01,AE,GLP-1,1
2024-02-01,AE,GLP-1,2
2024-03-01,AE,GLP-1,2
2024-04-01,AE,GLP-1,2
2024-05-01,AE,GLP-1,3
2024-06-01,AE,GLP-1,3
2024-07-01,AE,GLP-1,2
2024-08-01,AE,GLP-1,3
2024-09-01,AE,GLP-1,3
2024-10-01,AE,GLP-1,3
2024-11-01,AE,GLP-1,2
2024-12-01,AE,GLP-1,3
2025-01-01,AE,GLP-1,2
2025-02-01,AE,GLP-1,2
2025-03-01,AE,GLP-1,2
2025-04-01,AE,GLP-1,5
2025-05-01,AE,GLP-1,3
2025-06-01,AE,GLP-1,3
2025-07-01,AE,GLP-1,4
2025-08-01,AE,GLP-1,6
2025-09-01,AE,GLP-1,5
2025-10-01,AE,GLP-1,5
2025-11-01,AE,GLP-1,25
2025-12-01,AE,GLP-1,26
2026-01-01,AE,GLP-1,22
2026-02-01,AE,GLP-1,16
2026-03-01,AE,GLP-1,21
2026-04-01,AE,GLP-1,15
2018-01-01,AE,Mounjaro,0
2018-02-01,AE,Mounjaro,0
2018-03-01,AE,Mounjaro,0
2018-04-01,AE,Mounjaro,0
2018-05-01,AE,Mounjaro,0
2018-06-01,AE,Mounjaro,0
2018-07-01,AE,Mounjaro,0
2018-08-01,AE,Mounjaro,0
2018-09-01,AE,Mounjaro,0
2018-10-01,AE,Mounjaro,0
2018-11-01,AE,Mounjaro,0
2018-12-01,AE,Mounjaro,0
2019-01-01,AE,Mounjaro,0
2019-02-01,AE,Mounjaro,0
2019-03-01,AE,Mounjaro,0
2019-04-01,AE,Mounjaro,3
2019-05-01,AE,Mounjaro,0
2019-06-01,AE,Mounjaro,0
2019-07-01,AE,Mounjaro,0
2019-08-01,AE,Mounjaro,0
2019-09-01,AE,Mounjaro,0
2019-10-01,AE,Mounjaro,0
2019-11-01,AE,Mounjaro,0
2019-12-01,AE,Mounjaro,0
2020-01-01,AE,Mounjaro,0
2020-02-01,AE,Mounjaro,0
2020-03-01,AE,Mounjaro,0
2020-04-01,AE,Mounjaro,0
2020-05-01,AE,Mounjaro,0
2020-06-01,AE,Mounjaro,0
2020-07-01,AE,Mounjaro,0
2020-08-01,AE,Mounjaro,0
2020-09-01,AE,Mounjaro,0
2020-10-01,AE,Mounjaro,0
2020-11-01,AE,Mounjaro,0
2020-12-01,AE,Mounjaro,0
2021-01-01,AE,Mounjaro,0
2021-02-01,AE,Mounjaro,0
2021-03-01,AE,Mounjaro,0
2021-04-01,AE,Mounjaro,0
2021-05-01,AE,Mounjaro,0
2021-06-01,AE,Mounjaro,0
2021-07-01,AE,Mounjaro,0
2021-08-01,AE,Mounjaro,0
2021-09-01,AE,Mounjaro,0
2021-10-01,AE,Mounjaro,0
2021-11-01,AE,Mounjaro,0
2021-12-01,AE,Mounjaro,0
2022-01-01,AE,Mounjaro,0
2022-02-01,AE,Mounjaro,0
2022-03-01,AE,Mounjaro,0
2022-04-01,AE,Mounjaro,0
2022-05-01,AE,Mounjaro,1
2022-06-01,AE,Mounjaro,0
2022-07-01,AE,Mounjaro,0
2022-08-01,AE,Mounjaro,2
2022-09-01,AE,Mounjaro,5
2022-10-01,AE,Mounjaro,14
2022-11-01,AE,Mounjaro,14
2022-12-01,AE,Mounjaro,22
2023-01-01,AE,Mounjaro,34
2023-02-01,AE,Mounjaro,42
2023-03-01,AE,Mounjaro,47
2023-04-01,AE,Mounjaro,54
2023-05-01,AE,Mounjaro,67
2023-06-01,AE,Mounjaro,67
2023-07-01,AE,Mounjaro,64
2023-08-01,AE,Mounjaro,50
2023-09-01,AE,Mounjaro,49
2023-10-01,AE,Mounjaro,40
2023-11-01,AE,Mounjaro,48
2023-12-01,AE,Mounjaro,54
2024-01-01,AE,Mounjaro,66
2024-02-01,AE,Mounjaro,73
2024-03-01,AE,Mounjaro,58
2024-04-01,AE,Mounjaro,68
2024-05-01,AE,Mounjaro,85
2024-06-01,AE,Mounjaro,89
2024-07-01,AE,Mounjaro,90
2024-08-01,AE,Mounjaro,84
2024-09-01,AE,Mounjaro,88
2024-10-01,AE,Mounjaro,89
2024-11-01,AE,Mounjaro,93
2024-12-01,AE,Mounjaro,84
2025-01-01,AE,Mounjaro,93
2025-02-01,AE,Mounjaro,85
2025-03-01,AE,Mounjaro,81
2025-04-01,AE,Mounjaro,100
2025-05-01,AE,Mounjaro,92
2025-06-01,AE,Mounjaro,92
2025-07-01,AE,Mounjaro,88
2025-08-01,AE,Mounjaro,100
2025-09-01,AE,Mounjaro,79
2025-10-01,AE,Mounjaro,77
2025-11-01,AE,Mounjaro,91
2025-12-01,AE,Mounjaro,83
2026-01-01,AE,Mounjaro,87
2026-02-01,AE,Mounjaro,86
2026-03-01,AE,Mounjaro,78
2026-04-01,AE,Mounjaro,88
2018-01-01,AE,Ozempic,0
2018-02-01,AE,Ozempic,0
2018-03-01,AE,Ozempic,0
2018-04-01,AE,Ozempic,0
2018-05-01,AE,Ozempic,0
2018-06-01,AE,Ozempic,0
2018-07-01,AE,Ozempic,0
2018-08-01,AE,Ozempic,0
2018-09-01,AE,Ozempic,0
2018-10-01,AE,Ozempic,0
2018-11-01,AE,Ozempic,0
2018-12-01,AE,Ozempic,0
2019-01-01,AE,Ozempic,0
2019-02-01,AE,Ozempic,0
2019-03-01,AE,Ozempic,0
2019-04-01,AE,Ozempic,0
2019-05-01,AE,Ozempic,0
2019-06-01,AE,Ozempic,0
2019-07-01,AE,Ozempic,0
2019-08-01,AE,Ozempic,0
2019-09-01,AE,Ozempic,0
2019-10-01,AE,Ozempic,0
2019-11-01,AE,Ozempic,3
2019-12-01,AE,Ozempic,0
2020-01-01,AE,Ozempic,0
2020-02-01,AE,Ozempic,0
2020-03-01,AE,Ozempic,0
2020-04-01,AE,Ozempic,0
2020-05-01,AE,Ozempic,0
2020-06-01,AE,Ozempic,2
2020-07-01,AE,Ozempic,2
2020-08-01,AE,Ozempic,2
2020-09-01,AE,Ozempic,2
2020-10-01,AE,Ozempic,3
2020-11-01,AE,Ozempic,3
2020-12-01,AE,Ozempic,2
2021-01-01,AE,Ozempic,3
2021-02-01,AE,Ozempic,5
2021-03-01,AE,Ozempic,5
2021-04-01,AE,Ozempic,5
2021-05-01,AE,Ozempic,5
2021-06-01,AE,Ozempic,6
2021-07-01,AE,Ozempic,7
2021-08-01,AE,Ozempic,8
2021-09-01,AE,Ozempic,7
2021-10-01,AE,Ozempic,8
2021-11-01,AE,Ozempic,11
2021-12-01,AE,Ozempic,11
2022-01-01,AE,Ozempic,12
2022-02-01,AE,Ozempic,15
2022-03-01,AE,Ozempic,15
2022-04-01,AE,Ozempic,15
2022-05-01,AE,Ozempic,23
2022-06-01,AE,Ozempic,23
2022-07-01,AE,Ozempic,28
2022-08-01,AE,Ozempic,23
2022-09-01,AE,Ozempic,24
2022-10-01,AE,Ozempic,29
2022-11-01,AE,Ozempic,24
2022-12-01,AE,Ozempic,25
2023-01-01,AE,Ozempic,31
2023-02-01,AE,Ozempic,30
2023-03-01,AE,Ozempic,37
2023-04-01,AE,Ozempic,41
2023-05-01,AE,Ozempic,45
2023-06-01,AE,Ozempic,45
2023-07-01,AE,Ozempic,48
2023-08-01,AE,Ozempic,43
2023-09-01,AE,Ozempic,43
2023-10-01,AE,Ozempic,41
2023-11-01,AE,Ozempic,42
2023-12-01,AE,Ozempic,45
2024-01-01,AE,Ozempic,49
2024-02-01,AE,Ozempic,47
2024-03-01,AE,Ozempic,57
2024-04-01,AE,Ozempic,56
2024-05-01,AE,Ozempic,73
2024-06-01,AE,Ozempic,64
2024-07-01,AE,Ozempic,60
2024-08-01,AE,Ozempic,59
2024-09-01,AE,Ozempic,71
2024-10-01,AE,Ozempic,63
2024-11-01,AE,Ozempic,58
2024-12-01,AE,Ozempic,62
2025-01-01,AE,Ozempic,59
2025-02-01,AE,Ozempic,61
2025-03-01,AE,Ozempic,51
2025-04-01,AE,Ozempic,55
2025-05-01,AE,Ozempic,48
2025-06-01,AE,Ozempic,48
2025-07-01,AE,Ozempic,44
2025-08-01,AE,Ozempic,47
2025-09-01,AE,Ozempic,42
2025-10-01,AE,Ozempic,35
2025-11-01,AE,Ozempic,44
2025-12-01,AE,Ozempic,46
2026-01-01,AE,Ozempic,41
2026-02-01,AE,Ozempic,36
2026-03-01,AE,Ozempic,35
2026-04-01,AE,Ozempic,33
2018-01-01,AE,Wegovy,0
2018-02-01,AE,Wegovy,0
2018-03-01,AE,Wegovy,0
2018-04-01,AE,Wegovy,0
2018-05-01,AE,Wegovy,0
2018-06-01,AE,Wegovy,0
2018-07-01,AE,Wegovy,0
2018-08-01,AE,Wegovy,0
2018-09-01,AE,Wegovy,0
2018-10-01,AE,Wegovy,0
2018-11-01,AE,Wegovy,0
2018-12-01,AE,Wegovy,0
2019-01-01,AE,Wegovy,0
2019-02-01,AE,Wegovy,0
2019-03-01,AE,Wegovy,0
2019-04-01,AE,Wegovy,0
2019-05-01,AE,Wegovy,0
2019-06-01,AE,Wegovy,0
2019-07-01,AE,Wegovy,0
2019-08-01,AE,Wegovy,0
2019-09-01,AE,Wegovy,0
2019-10-01,AE,Wegovy,0
2019-11-01,AE,Wegovy,0
2019-12-01,AE,Wegovy,0
2020-01-01,AE,Wegovy,0
2020-02-01,AE,Wegovy,0
2020-03-01,AE,Wegovy,0
2020-04-01,AE,Wegovy,0
2020-05-01,AE,Wegovy,0
2020-06-01,AE,Wegovy,0
2020-07-01,AE,Wegovy,0
2020-08-01,AE,Wegovy,0
2020-09-01,AE,Wegovy,0
2020-10-01,AE,Wegovy,0
2020-11-01,AE,Wegovy,0
2020-12-01,AE,Wegovy,0
2021-01-01,AE,Wegovy,0
2021-02-01,AE,Wegovy,0
2021-03-01,AE,Wegovy,0
2021-04-01,AE,Wegovy,0
2021-05-01,AE,Wegovy,0
2021-06-01,AE,Wegovy,4
2021-07-01,AE,Wegovy,0
2021-08-01,AE,Wegovy,0
2021-09-01,AE,Wegovy,0
2021-10-01,AE,Wegovy,0
2021-11-01,AE,Wegovy,0
2021-12-01,AE,Wegovy,0
2022-01-01,AE,Wegovy,0
2022-02-01,AE,Wegovy,0
2022-03-01,AE,Wegovy,0
2022-04-01,AE,Wegovy,0
2022-05-01,AE,Wegovy,0
2022-06-01,AE,Wegovy,0
2022-07-01,AE,Wegovy,0
2022-08-01,AE,Wegovy,0
2022-09-01,AE,Wegovy,0
2022-10-01,AE,Wegovy,4
2022-11-01,AE,Wegovy,0
2022-12-01,AE,Wegovy,1
2023-01-01,AE,Wegovy,5
2023-02-01,AE,Wegovy,3
2023-03-01,AE,Wegovy,4
2023-04-01,AE,Wegovy,3
2023-05-01,AE,Wegovy,4
2023-06-01,AE,Wegovy,5
2023-07-01,AE,Wegovy,5
2023-08-01,AE,Wegovy,5
2023-09-01,AE,Wegovy,6
2023-10-01,AE,Wegovy,4
2023-11-01,AE,Wegovy,8
2023-12-01,AE,Wegovy,8
2024-01-01,AE,Wegovy,14
2024-02-01,AE,Wegovy,20
2024-03-01,AE,Wegovy,17
2024-04-01,AE,Wegovy,16
2024-05-01,AE,Wegovy,19
2024-06-01,AE,Wegovy,17
2024-07-01,AE,Wegovy,16
2024-08-01,AE,Wegovy,18
2024-09-01,AE,Wegovy,15
2024-10-01,AE,Wegovy,16
2024-11-01,AE,Wegovy,14
2024-12-01,AE,Wegovy,17
2025-01-01,AE,Wegovy,16
2025-02-01,AE,Wegovy,14
2025-03-01,AE,Wegovy,14
2025-04-01,AE,Wegovy,15
2025-05-01,AE,Wegovy,15
2025-06-01,AE,Wegovy,16
2025-07-01,AE,Wegovy,16
2025-08-01,AE,Wegovy,18
2025-09-01,AE,Wegovy,15
2025-10-01,AE,Wegovy,21
2025-11-01,AE,Wegovy,26
2025-12-01,AE,Wegovy,31
2026-01-01,AE,Wegovy,36
2026-02-01,AE,Wegovy,27
2026-03-01,AE,Wegovy,22
2026-04-01,AE,Wegovy,26
2018-01-01,AE,Zepbound,0
2018-02-01,AE,Zepbound,0
2018-03-01,AE,Zepbound,0
2018-04-01,AE,Zepbound,0
2018-05-01,AE,Zepbound,0
2018-06-01,AE,Zepbound,0
2018-07-01,AE,Zepbound,0
2018-08-01,AE,Zepbound,0
2018-09-01,AE,Zepbound,0
2018-10-01,AE,Zepbound,0
2018-11-01,AE,Zepbound,0
2018-12-01,AE,Zepbound,0
2019-01-01,AE,Zepbound,0
2019-02-01,AE,Zepbound,0
2019-03-01,AE,Zepbound,0
2019-04-01,AE,Zepbound,0
2019-05-01,AE,Zepbound,0
2019-06-01,AE,Zepbound,0
2019-07-01,AE,Zepbound,0
2019-08-01,AE,Zepbound,0
2019-09-01,AE,Zepbound,0
2019-10-01,AE,Zepbound,0
2019-11-01,AE,Zepbound,0
2019-12-01,AE,Zepbound,0
2020-01-01,AE,Zepbound,0
2020-02-01,AE,Zepbound,0
2020-03-01,AE,Zepbound,0
2020-04-01,AE,Zepbound,0
2020-05-01,AE,Zepbound,0
2020-06-01,AE,Zepbound,0
2020-07-01,AE,Zepbound,0
2020-08-01,AE,Zepbound,0
2020-09-01,AE,Zepbound,0
2020-10-01,AE,Zepbound,0
2020-11-01,AE,Zepbound,0
2020-12-01,AE,Zepbound,0
2021-01-01,AE,Zepbound,0
2021-02-01,AE,Zepbound,0
2021-03-01,AE,Zepbound,0
2021-04-01,AE,Zepbound,0
2021-05-01,AE,Zepbound,0
2021-06-01,AE,Zepbound,0
2021-07-01,AE,Zepbound,0
2021-08-01,AE,Zepbound,0
2021-09-01,AE,Zepbound,0
2021-10-01,AE,Zepbound,0
2021-11-01,AE,Zepbound,0
2021-12-01,AE,Zepbound,0
2022-01-01,AE,Zepbound,0
2022-02-01,AE,Zepbound,0
2022-03-01,AE,Zepbound,0
2022-04-01,AE,Zepbound,0
2022-05-01,AE,Zepbound,0
2022-06-01,AE,Zepbound,0
2022-07-01,AE,Zepbound,0
2022-08-01,AE,Zepbound,0
2022-09-01,AE,Zepbound,0
2022-10-01,AE,Zepbound,0
2022-11-01,AE,Zepbound,0
2022-12-01,AE,Zepbound,0
2023-01-01,AE,Zepbound,0
2023-02-01,AE,Zepbound,0
2023-03-01,AE,Zepbound,0
2023-04-01,AE,Zepbound,0
2023-05-01,AE,Zepbound,0
2023-06-01,AE,Zepbound,0
2023-07-01,AE,Zepbound,0
2023-08-01,AE,Zepbound,0
2023-09-01,AE,Zepbound,0
2023-10-01,AE,Zepbound,0
2023-11-01,AE,Zepbound,6
2023-12-01,AE,Zepbound,3
2024-01-01,AE,Zepbound,2
2024-02-01,AE,Zepbound,4
2024-03-01,AE,Zepbound,0
2024-04-01,AE,Zepbound,0
2024-05-01,AE,Zepbound,1
2024-06-01,AE,Zepbound,0
2024-07-01,AE,Zepbound,2
2024-08-01,AE,Zepbound,1
2024-09-01,AE,Zepbound,0
2024-10-01,AE,Zepbound,0
2024-11-01,AE,Zepbound,2
2024-12-01,AE,Zepbound,0
2025-01-01,AE,Zepbound,2
2025-02-01,AE,Zepbound,0
2025-03-01,AE,Zepbound,0
2025-04-01,AE,Zepbound,2
2025-05-01,AE,Zepbound,2
2025-06-01,AE,Zepbound,0
2025-07-01,AE,Zepbound,3
2025-08-01,AE,Zepbound,0
2025-09-01,AE,Zepbound,1
2025-10-01,AE,Zepbound,2
2025-11-01,AE,Zepbound,7
2025-12-01,AE,Zepbound,8
2026-01-01,AE,Zepbound,5
2026-02-01,AE,Zepbound,4
2026-03-01,AE,Zepbound,3
2026-04-01,AE,Zepbound,4
2018-01-01,GB,GLP-1,0
2018-02-01,GB,GLP-1,0
2018-03-01,GB,GLP-1,0
2018-04-01,GB,GLP-1,0
2018-05-01,GB,GLP-1,0
2018-06-01,GB,GLP-1,0
2018-07-01,GB,GLP-1,0
2018-08-01,GB,GLP-1,0
2018-09-01,GB,GLP-1,0
2018-10-01,GB,GLP-1,0
2018-11-01,GB,GLP-1,0
2018-12-01,GB,GLP-1,0
2019-01-01,GB,GLP-1,0
2019-02-01,GB,GLP-1,0
2019-03-01,GB,GLP-1,0
2019-04-01,GB,GLP-1,0
2019-05-01,GB,GLP-1,0
2019-06-01,GB,GLP-1,0
2019-07-01,GB,GLP-1,0
2019-08-01,GB,GLP-1,0
2019-09-01,GB,GLP-1,0
2019-10-01,GB,GLP-1,0
2019-11-01,GB,GLP-1,0
2019-12-01,GB,GLP-1,0
2020-01-01,GB,GLP-1,0
2020-02-01,GB,GLP-1,0
2020-03-01,GB,GLP-1,0
2020-04-01,GB,GLP-1,0
2020-05-01,GB,GLP-1,0
2020-06-01,GB,GLP-1,0
2020-07-01,GB,GLP-1,0
2020-08-01,GB,GLP-1,0
2020-09-01,GB,GLP-1,0
2020-10-01,GB,GLP-1,0
2020-11-01,GB,GLP-1,0
2020-12-01,GB,GLP-1,0
2021-01-01,GB,GLP-1,0
2021-02-01,GB,GLP-1,0
2021-03-01,GB,GLP-1,0
2021-04-01,GB,GLP-1,0
2021-05-01,GB,GLP-1,0
2021-06-01,GB,GLP-1,0
2021-07-01,GB,GLP-1,0
2021-08-01,GB,GLP-1,0
2021-09-01,GB,GLP-1,0
2021-10-01,GB,GLP-1,0
2021-11-01,GB,GLP-1,0
2021-12-01,GB,GLP-1,0
2022-01-01,GB,GLP-1,0
2022-02-01,GB,GLP-1,0
2022-03-01,GB,GLP-1,0
2022-04-01,GB,GLP-1,0
2022-05-01,GB,GLP-1,0
2022-06-01,GB,GLP-1,0
2022-07-01,GB,GLP-1,0
2022-08-01,GB,GLP-1,0
2022-09-01,GB,GLP-1,0
2022-10-01,GB,GLP-1,0
2022-11-01,GB,GLP-1,0
2022-12-01,GB,GLP-1,0
2023-01-01,GB,GLP-1,0
2023-02-01,GB,GLP-1,0
2023-03-01,GB,GLP-1,0
2023-04-01,GB,GLP-1,0
2023-05-01,GB,GLP-1,0
2023-06-01,GB,GLP-1,0
2023-07-01,GB,GLP-1,0
2023-08-01,GB,GLP-1,0
2023-09-01,GB,GLP-1,0
2023-10-01,GB,GLP-1,0
2023-11-01,GB,GLP-1,0
2023-12-01,GB,GLP-1,0
2024-01-01,GB,GLP-1,0
2024-02-01,GB,GLP-1,0
2024-03-01,GB,GLP-1,0
2024-04-01,GB,GLP-1,1
2024-05-01,GB,GLP-1,1
2024-06-01,GB,GLP-1,1
2024-07-01,GB,GLP-1,1
2024-08-01,GB,GLP-1,1
2024-09-01,GB,GLP-1,1
2024-10-01,GB,GLP-1,1
2024-11-01,GB,GLP-1,1
2024-12-01,GB,GLP-1,1
2025-01-01,GB,GLP-1,1
2025-02-01,GB,GLP-1,2
2025-03-01,GB,GLP-1,1
2025-04-01,GB,GLP-1,2
2025-05-01,GB,GLP-1,2
2025-06-01,GB,GLP-1,3
2025-07-01,GB,GLP-1,3
2025-08-01,GB,GLP-1,4
2025-09-01,GB,GLP-1,3
2025-10-01,GB,GLP-1,3
2025-11-01,GB,GLP-1,4
2025-12-01,GB,GLP-1,4
2026-01-01,GB,GLP-1,4
2026-02-01,GB,GLP-1,3
2026-03-01,GB,GLP-1,4
2026-04-01,GB,GLP-1,3
2018-01-01,GB,Mounjaro,0
2018-02-01,GB,Mounjaro,0
2018-03-01,GB,Mounjaro,0
2018-04-01,GB,Mounjaro,0
2018-05-01,GB,Mounjaro,0
2018-06-01,GB,Mounjaro,0
2018-07-01,GB,Mounjaro,0
2018-08-01,GB,Mounjaro,0
2018-09-01,GB,Mounjaro,0
2018-10-01,GB,Mounjaro,0
2018-11-01,GB,Mounjaro,0
2018-12-01,GB,Mounjaro,0
2019-01-01,GB,Mounjaro,0
2019-02-01,GB,Mounjaro,0
2019-03-01,GB,Mounjaro,0
2019-04-01,GB,Mounjaro,0
2019-05-01,GB,Mounjaro,0
2019-06-01,GB,Mounjaro,0
2019-07-01,GB,Mounjaro,0
2019-08-01,GB,Mounjaro,0
2019-09-01,GB,Mounjaro,0
2019-10-01,GB,Mounjaro,0
2019-11-01,GB,Mounjaro,0
2019-12-01,GB,Mounjaro,0
2020-01-01,GB,Mounjaro,0
2020-02-01,GB,Mounjaro,0
2020-03-01,GB,Mounjaro,0
2020-04-01,GB,Mounjaro,0
2020-05-01,GB,Mounjaro,0
2020-06-01,GB,Mounjaro,0
2020-07-01,GB,Mounjaro,0
2020-08-01,GB,Mounjaro,0
2020-09-01,GB,Mounjaro,0
2020-10-01,GB,Mounjaro,0
2020-11-01,GB,Mounjaro,0
2020-12-01,GB,Mounjaro,0
2021-01-01,GB,Mounjaro,0
2021-02-01,GB,Mounjaro,0
2021-03-01,GB,Mounjaro,0
2021-04-01,GB,Mounjaro,0
2021-05-01,GB,Mounjaro,0
2021-06-01,GB,Mounjaro,0
2021-07-01,GB,Mounjaro,0
2021-08-01,GB,Mounjaro,0
2021-09-01,GB,Mounjaro,0
2021-10-01,GB,Mounjaro,0
2021-11-01,GB,Mounjaro,0
2021-12-01,GB,Mounjaro,0
2022-01-01,GB,Mounjaro,0
2022-02-01,GB,Mounjaro,0
2022-03-01,GB,Mounjaro,0
2022-04-01,GB,Mounjaro,0
2022-05-01,GB,Mounjaro,0
2022-06-01,GB,Mounjaro,0
2022-07-01,GB,Mounjaro,0
2022-08-01,GB,Mounjaro,0
2022-09-01,GB,Mounjaro,0
2022-10-01,GB,Mounjaro,0
2022-11-01,GB,Mounjaro,0
2022-12-01,GB,Mounjaro,0
2023-01-01,GB,Mounjaro,0
2023-02-01,GB,Mounjaro,0
2023-03-01,GB,Mounjaro,0
2023-04-01,GB,Mounjaro,0
2023-05-01,GB,Mounjaro,0
2023-06-01,GB,Mounjaro,0
2023-07-01,GB,Mounjaro,0
2023-08-01,GB,Mounjaro,0
2023-09-01,GB,Mounjaro,0
2023-10-01,GB,Mounjaro,0
2023-11-01,GB,Mounjaro,1
2023-12-01,GB,Mounjaro,0
2024-01-01,GB,Mounjaro,1
2024-02-01,GB,Mounjaro,2
2024-03-01,GB,Mounjaro,4
2024-04-01,GB,Mounjaro,6
2024-05-01,GB,Mounjaro,10
2024-06-01,GB,Mounjaro,13
2024-07-01,GB,Mounjaro,16
2024-08-01,GB,Mounjaro,19
2024-09-01,GB,Mounjaro,24
2024-10-01,GB,Mounjaro,28
2024-11-01,GB,Mounjaro,30
2024-12-01,GB,Mounjaro,28
2025-01-01,GB,Mounjaro,43
2025-02-01,GB,Mounjaro,51
2025-03-01,GB,Mounjaro,56
2025-04-01,GB,Mounjaro,65
2025-05-01,GB,Mounjaro,73
2025-06-01,GB,Mounjaro,77
2025-07-01,GB,Mounjaro,68
2025-08-01,GB,Mounjaro,100
2025-09-01,GB,Mounjaro,62
2025-10-01,GB,Mounjaro,51
2025-11-01,GB,Mounjaro,42
2025-12-01,GB,Mounjaro,40
2026-01-01,GB,Mounjaro,47
2026-02-01,GB,Mounjaro,41
2026-03-01,GB,Mounjaro,48
2026-04-01,GB,Mounjaro,46
2018-01-01,GB,Ozempic,0
2018-02-01,GB,Ozempic,0
2018-03-01,GB,Ozempic,0
2018-04-01,GB,Ozempic,0
2018-05-01,GB,Ozempic,0
2018-06-01,GB,Ozempic,0
2018-07-01,GB,Ozempic,0
2018-08-01,GB,Ozempic,0
2018-09-01,GB,Ozempic,0
2018-10-01,GB,Ozempic,0
2018-11-01,GB,Ozempic,0
2018-12-01,GB,Ozempic,0
2019-01-01,GB,Ozempic,0
2019-02-01,GB,Ozempic,0
2019-03-01,GB,Ozempic,0
2019-04-01,GB,Ozempic,0
2019-05-01,GB,Ozempic,0
2019-06-01,GB,Ozempic,0
2019-07-01,GB,Ozempic,0
2019-08-01,GB,Ozempic,0
2019-09-01,GB,Ozempic,0
2019-10-01,GB,Ozempic,0
2019-11-01,GB,Ozempic,0
2019-12-01,GB,Ozempic,0
2020-01-01,GB,Ozempic,0
2020-02-01,GB,Ozempic,0
2020-03-01,GB,Ozempic,0
2020-04-01,GB,Ozempic,0
2020-05-01,GB,Ozempic,0
2020-06-01,GB,Ozempic,0
2020-07-01,GB,Ozempic,0
2020-08-01,GB,Ozempic,0
2020-09-01,GB,Ozempic,0
2020-10-01,GB,Ozempic,0
2020-11-01,GB,Ozempic,0
2020-12-01,GB,Ozempic,0
2021-01-01,GB,Ozempic,0
2021-02-01,GB,Ozempic,1
2021-03-01,GB,Ozempic,1
2021-04-01,GB,Ozempic,1
2021-05-01,GB,Ozempic,1
2021-06-01,GB,Ozempic,1
2021-07-01,GB,Ozempic,1
2021-08-01,GB,Ozempic,1
2021-09-01,GB,Ozempic,1
2021-10-01,GB,Ozempic,1
2021-11-01,GB,Ozempic,1
2021-12-01,GB,Ozempic,1
2022-01-01,GB,Ozempic,1
2022-02-01,GB,Ozempic,1
2022-03-01,GB,Ozempic,1
2022-04-01,GB,Ozempic,2
2022-05-01,GB,Ozempic,2
2022-06-01,GB,Ozempic,2
2022-07-01,GB,Ozempic,2
2022-08-01,GB,Ozempic,2
2022-09-01,GB,Ozempic,2
2022-10-01,GB,Ozempic,3
2022-11-01,GB,Ozempic,3
2022-12-01,GB,Ozempic,3
2023-01-01,GB,Ozempic,6
2023-02-01,GB,Ozempic,6
2023-03-01,GB,Ozempic,9
2023-04-01,GB,Ozempic,10
2023-05-01,GB,Ozempic,11
2023-06-01,GB,Ozempic,12
2023-07-01,GB,Ozempic,9
2023-08-01,GB,Ozempic,8
2023-09-01,GB,Ozempic,7
2023-10-01,GB,Ozempic,7
2023-11-01,GB,Ozempic,7
2023-12-01,GB,Ozempic,8
2024-01-01,GB,Ozempic,8
2024-02-01,GB,Ozempic,10
2024-03-01,GB,Ozempic,15
2024-04-01,GB,Ozempic,13
2024-05-01,GB,Ozempic,22
2024-06-01,GB,Ozempic,17
2024-07-01,GB,Ozempic,14
2024-08-01,GB,Ozempic,13
2024-09-01,GB,Ozempic,16
2024-10-01,GB,Ozempic,16
2024-11-01,GB,Ozempic,12
2024-12-01,GB,Ozempic,13
2025-01-01,GB,Ozempic,15
2025-02-01,GB,Ozempic,14
2025-03-01,GB,Ozempic,12
2025-04-01,GB,Ozempic,14
2025-05-01,GB,Ozempic,16
2025-06-01,GB,Ozempic,13
2025-07-01,GB,Ozempic,9
2025-08-01,GB,Ozempic,12
2025-09-01,GB,Ozempic,9
2025-10-01,GB,Ozempic,8
2025-11-01,GB,Ozempic,8
2025-12-01,GB,Ozempic,9
2026-01-01,GB,Ozempic,8
2026-02-01,GB,Ozempic,7
2026-03-01,GB,Ozempic,10
2026-04-01,GB,Ozempic,8
2018-01-01,GB,Wegovy,0
2018-02-01,GB,Wegovy,0
2018-03-01,GB,Wegovy,0
2018-04-01,GB,Wegovy,0
2018-05-01,GB,Wegovy,0
2018-06-01,GB,Wegovy,0
2018-07-01,GB,Wegovy,0
2018-08-01,GB,Wegovy,0
2018-09-01,GB,Wegovy,0
2018-10-01,GB,Wegovy,0
2018-11-01,GB,Wegovy,0
2018-12-01,GB,Wegovy,0
2019-01-01,GB,Wegovy,0
2019-02-01,GB,Wegovy,0
2019-03-01,GB,Wegovy,0
2019-04-01,GB,Wegovy,0
2019-05-01,GB,Wegovy,0
2019-06-01,GB,Wegovy,0
2019-07-01,GB,Wegovy,0
2019-08-01,GB,Wegovy,0
2019-09-01,GB,Wegovy,0
2019-10-01,GB,Wegovy,0
2019-11-01,GB,Wegovy,0
2019-12-01,GB,Wegovy,0
2020-01-01,GB,Wegovy,0
2020-02-01,GB,Wegovy,0
2020-03-01,GB,Wegovy,0
2020-04-01,GB,Wegovy,0
2020-05-01,GB,Wegovy,0
2020-06-01,GB,Wegovy,0
2020-07-01,GB,Wegovy,0
2020-08-01,GB,Wegovy,0
2020-09-01,GB,Wegovy,0
2020-10-01,GB,Wegovy,0
2020-11-01,GB,Wegovy,0
2020-12-01,GB,Wegovy,0
2021-01-01,GB,Wegovy,0
2021-02-01,GB,Wegovy,0
2021-03-01,GB,Wegovy,0
2021-04-01,GB,Wegovy,0
2021-05-01,GB,Wegovy,0
2021-06-01,GB,Wegovy,0
2021-07-01,GB,Wegovy,0
2021-08-01,GB,Wegovy,0
2021-09-01,GB,Wegovy,0
2021-10-01,GB,Wegovy,0
2021-11-01,GB,Wegovy,0
2021-12-01,GB,Wegovy,0
2022-01-01,GB,Wegovy,0
2022-02-01,GB,Wegovy,1
2022-03-01,GB,Wegovy,0
2022-04-01,GB,Wegovy,0
2022-05-01,GB,Wegovy,0
2022-06-01,GB,Wegovy,0
2022-07-01,GB,Wegovy,0
2022-08-01,GB,Wegovy,0
2022-09-01,GB,Wegovy,0
2022-10-01,GB,Wegovy,0
2022-11-01,GB,Wegovy,0
2022-12-01,GB,Wegovy,0
2023-01-01,GB,Wegovy,1
2023-02-01,GB,Wegovy,3
2023-03-01,GB,Wegovy,4
2023-04-01,GB,Wegovy,2
2023-05-01,GB,Wegovy,2
2023-06-01,GB,Wegovy,3
2023-07-01,GB,Wegovy,2
2023-08-01,GB,Wegovy,2
2023-09-01,GB,Wegovy,6
2023-10-01,GB,Wegovy,4
2023-11-01,GB,Wegovy,4
2023-12-01,GB,Wegovy,4
2024-01-01,GB,Wegovy,6
2024-02-01,GB,Wegovy,6
2024-03-01,GB,Wegovy,6
2024-04-01,GB,Wegovy,6
2024-05-01,GB,Wegovy,8
2024-06-01,GB,Wegovy,7
2024-07-01,GB,Wegovy,6
2024-08-01,GB,Wegovy,5
2024-09-01,GB,Wegovy,5
2024-10-01,GB,Wegovy,6
2024-11-01,GB,Wegovy,4
2024-12-01,GB,Wegovy,4
2025-01-01,GB,Wegovy,6
2025-02-01,GB,Wegovy,5
2025-03-01,GB,Wegovy,5
2025-04-01,GB,Wegovy,5
2025-05-01,GB,Wegovy,6
2025-06-01,GB,Wegovy,4
2025-07-01,GB,Wegovy,4
2025-08-01,GB,Wegovy,14
2025-09-01,GB,Wegovy,17
2025-10-01,GB,Wegovy,15
2025-11-01,GB,Wegovy,14
2025-12-01,GB,Wegovy,12
2026-01-01,GB,Wegovy,16
2026-02-01,GB,Wegovy,13
2026-03-01,GB,Wegovy,16
2026-04-01,GB,Wegovy,17
2018-01-01,GB,Zepbound,0
2018-02-01,GB,Zepbound,0
2018-03-01,GB,Zepbound,0
2018-04-01,GB,Zepbound,0
2018-05-01,GB,Zepbound,0
2018-06-01,GB,Zepbound,0
2018-07-01,GB,Zepbound,0
2018-08-01,GB,Zepbound,0
2018-09-01,GB,Zepbound,0
2018-10-01,GB,Zepbound,0
2018-11-01,GB,Zepbound,0
2018-12-01,GB,Zepbound,0
2019-01-01,GB,Zepbound,0
2019-02-01,GB,Zepbound,0
2019-03-01,GB,Zepbound,0
2019-04-01,GB,Zepbound,0
2019-05-01,GB,Zepbound,0
2019-06-01,GB,Zepbound,0
2019-07-01,GB,Zepbound,0
2019-08-01,GB,Zepbound,0
2019-09-01,GB,Zepbound,0
2019-10-01,GB,Zepbound,0
2019-11-01,GB,Zepbound,0
2019-12-01,GB,Zepbound,0
2020-01-01,GB,Zepbound,0
2020-02-01,GB,Zepbound,0
2020-03-01,GB,Zepbound,0
2020-04-01,GB,Zepbound,0
2020-05-01,GB,Zepbound,0
2020-06-01,GB,Zepbound,0
2020-07-01,GB,Zepbound,0
2020-08-01,GB,Zepbound,0
2020-09-01,GB,Zepbound,0
2020-10-01,GB,Zepbound,0
2020-11-01,GB,Zepbound,0
2020-12-01,GB,Zepbound,0
2021-01-01,GB,Zepbound,0
2021-02-01,GB,Zepbound,0
2021-03-01,GB,Zepbound,0
2021-04-01,GB,Zepbound,0
2021-05-01,GB,Zepbound,0
2021-06-01,GB,Zepbound,0
2021-07-01,GB,Zepbound,0
2021-08-01,GB,Zepbound,0
2021-09-01,GB,Zepbound,0
2021-10-01,GB,Zepbound,0
2021-11-01,GB,Zepbound,0
2021-12-01,GB,Zepbound,0
2022-01-01,GB,Zepbound,0
2022-02-01,GB,Zepbound,0
2022-03-01,GB,Zepbound,0
2022-04-01,GB,Zepbound,0
2022-05-01,GB,Zepbound,0
2022-06-01,GB,Zepbound,0
2022-07-01,GB,Zepbound,0
2022-08-01,GB,Zepbound,0
2022-09-01,GB,Zepbound,0
2022-10-01,GB,Zepbound,0
2022-11-01,GB,Zepbound,0
2022-12-01,GB,Zepbound,0
2023-01-01,GB,Zepbound,0
2023-02-01,GB,Zepbound,0
2023-03-01,GB,Zepbound,0
2023-04-01,GB,Zepbound,0
2023-05-01,GB,Zepbound,0
2023-06-01,GB,Zepbound,0
2023-07-01,GB,Zepbound,0
2023-08-01,GB,Zepbound,0
2023-09-01,GB,Zepbound,0
2023-10-01,GB,Zepbound,0
2023-11-01,GB,Zepbound,0
2023-12-01,GB,Zepbound,0
2024-01-01,GB,Zepbound,0
2024-02-01,GB,Zepbound,0
2024-03-01,GB,Zepbound,0
2024-04-01,GB,Zepbound,0
2024-05-01,GB,Zepbound,0
2024-06-01,GB,Zepbound,0
2024-07-01,GB,Zepbound,0
2024-08-01,GB,Zepbound,0
2024-09-01,GB,Zepbound,0
2024-10-01,GB,Zepbound,0
2024-11-01,GB,Zepbound,0
2024-12-01,GB,Zepbound,0
2025-01-01,GB,Zepbound,0
2025-02-01,GB,Zepbound,0
2025-03-01,GB,Zepbound,0
2025-04-01,GB,Zepbound,0
2025-05-01,GB,Zepbound,0
2025-06-01,GB,Zepbound,0
2025-07-01,GB,Zepbound,0
2025-08-01,GB,Zepbound,1
2025-09-01,GB,Zepbound,0
2025-10-01,GB,Zepbound,0
2025-11-01,GB,Zepbound,0
2025-12-01,GB,Zepbound,1
2026-01-01,GB,Zepbound,1
2026-02-01,GB,Zepbound,1
2026-03-01,GB,Zepbound,1
2026-04-01,GB,Zepbound,0
2018-01-01,IN,GLP-1,0
2018-02-01,IN,GLP-1,1
2018-03-01,IN,GLP-1,1
2018-04-01,IN,GLP-1,1
2018-05-01,IN,GLP-1,1
2018-06-01,IN,GLP-1,1
2018-07-01,IN,GLP-1,1
2018-08-01,IN,GLP-1,1
2018-09-01,IN,GLP-1,1
2018-10-01,IN,GLP-1,1
2018-11-01,IN,GLP-1,1
2018-12-01,IN,GLP-1,1
2019-01-01,IN,GLP-1,1
2019-02-01,IN,GLP-1,1
2019-03-01,IN,GLP-1,1
2019-04-01,IN,GLP-1,1
2019-05-01,IN,GLP-1,1
2019-06-01,IN,GLP-1,1
2019-07-01,IN,GLP-1,1
2019-08-01,IN,GLP-1,1
2019-09-01,IN,GLP-1,1
2019-10-01,IN,GLP-1,1
2019-11-01,IN,GLP-1,1
2019-12-01,IN,GLP-1,1
2020-01-01,IN,GLP-1,1
2020-02-01,IN,GLP-1,1
2020-03-01,IN,GLP-1,1
2020-04-01,IN,GLP-1,1
2020-05-01,IN,GLP-1,1
2020-06-01,IN,GLP-1,1
2020-07-01,IN,GLP-1,1
2020-08-01,IN,GLP-1,1
2020-09-01,IN,GLP-1,1
2020-10-01,IN,GLP-1,0
2020-11-01,IN,GLP-1,0
2020-12-01,IN,GLP-1,1
2021-01-01,IN,GLP-1,1
2021-02-01,IN,GLP-1,1
2021-03-01,IN,GLP-1,1
2021-04-01,IN,GLP-1,1
2021-05-01,IN,GLP-1,1
2021-06-01,IN,GLP-1,1
2021-07-01,IN,GLP-1,2
2021-08-01,IN,GLP-1,1
2021-09-01,IN,GLP-1,1
2021-10-01,IN,GLP-1,1
2021-11-01,IN,GLP-1,1
2021-12-01,IN,GLP-1,1
2022-01-01,IN,GLP-1,1
2022-02-01,IN,GLP-1,1
2022-03-01,IN,GLP-1,1
2022-04-01,IN,GLP-1,1
2022-05-01,IN,GLP-1,1
2022-06-01,IN,GLP-1,1
2022-07-01,IN,GLP-1,1
2022-08-01,IN,GLP-1,1
2022-09-01,IN,GLP-1,1
2022-10-01,IN,GLP-1,1
2022-11-01,IN,GLP-1,2
2022-12-01,IN,GLP-1,1
2023-01-01,IN,GLP-1,1
2023-02-01,IN,GLP-1,1
2023-03-01,IN,GLP-1,1
2023-04-01,IN,GLP-1,1
2023-05-01,IN,GLP-1,1
2023-06-01,IN,GLP-1,1
2023-07-01,IN,GLP-1,1
2023-08-01,IN,GLP-1,1
2023-09-01,IN,GLP-1,1
2023-10-01,IN,GLP-1,1
2023-11-01,IN,GLP-1,2
2023-12-01,IN,GLP-1,2
2024-01-01,IN,GLP-1,3
2024-02-01,IN,GLP-1,3
2024-03-01,IN,GLP-1,2
2024-04-01,IN,GLP-1,3
2024-05-01,IN,GLP-1,2
2024-06-01,IN,GLP-1,3
2024-07-01,IN,GLP-1,3
2024-08-01,IN,GLP-1,3
2024-09-01,IN,GLP-1,3
2024-10-01,IN,GLP-1,4
2024-11-01,IN,GLP-1,4
2024-12-01,IN,GLP-1,4
2025-01-01,IN,GLP-1,5
2025-02-01,IN,GLP-1,5
2025-03-01,IN,GLP-1,5
2025-04-01,IN,GLP-1,8
2025-05-01,IN,GLP-1,6
2025-06-01,IN,GLP-1,8
2025-07-01,IN,GLP-1,8
2025-08-01,IN,GLP-1,10
2025-09-01,IN,GLP-1,7
2025-10-01,IN,GLP-1,8
2025-11-01,IN,GLP-1,52
2025-12-01,IN,GLP-1,56
2026-01-01,IN,GLP-1,43
2026-02-01,IN,GLP-1,32
2026-03-01,IN,GLP-1,39
2026-04-01,IN,GLP-1,28
2018-01-01,IN,Mounjaro,0
2018-02-01,IN,Mounjaro,0
2018-03-01,IN,Mounjaro,0
2018-04-01,IN,Mounjaro,0
2018-05-01,IN,Mounjaro,0
2018-06-01,IN,Mounjaro,0
2018-07-01,IN,Mounjaro,0
2018-08-01,IN,Mounjaro,0
2018-09-01,IN,Mounjaro,0
2018-10-01,IN,Mounjaro,0
2018-11-01,IN,Mounjaro,0
2018-12-01,IN,Mounjaro,0
2019-01-01,IN,Mounjaro,0
2019-02-01,IN,Mounjaro,0
2019-03-01,IN,Mounjaro,0
2019-04-01,IN,Mounjaro,0
2019-05-01,IN,Mounjaro,0
2019-06-01,IN,Mounjaro,0
2019-07-01,IN,Mounjaro,0
2019-08-01,IN,Mounjaro,0
2019-09-01,IN,Mounjaro,0
2019-10-01,IN,Mounjaro,0
2019-11-01,IN,Mounjaro,0
2019-12-01,IN,Mounjaro,0
2020-01-01,IN,Mounjaro,0
2020-02-01,IN,Mounjaro,0
2020-03-01,IN,Mounjaro,0
2020-04-01,IN,Mounjaro,0
2020-05-01,IN,Mounjaro,0
2020-06-01,IN,Mounjaro,0
2020-07-01,IN,Mounjaro,0
2020-08-01,IN,Mounjaro,0
2020-09-01,IN,Mounjaro,0
2020-10-01,IN,Mounjaro,0
2020-11-01,IN,Mounjaro,0
2020-12-01,IN,Mounjaro,0
2021-01-01,IN,Mounjaro,0
2021-02-01,IN,Mounjaro,0
2021-03-01,IN,Mounjaro,0
2021-04-01,IN,Mounjaro,0
2021-05-01,IN,Mounjaro,0
2021-06-01,IN,Mounjaro,0
2021-07-01,IN,Mounjaro,0
2021-08-01,IN,Mounjaro,0
2021-09-01,IN,Mounjaro,0
2021-10-01,IN,Mounjaro,0
2021-11-01,IN,Mounjaro,0
2021-12-01,IN,Mounjaro,0
2022-01-01,IN,Mounjaro,0
2022-02-01,IN,Mounjaro,0
2022-03-01,IN,Mounjaro,0
2022-04-01,IN,Mounjaro,0
2022-05-01,IN,Mounjaro,0
2022-06-01,IN,Mounjaro,0
2022-07-01,IN,Mounjaro,0
2022-08-01,IN,Mounjaro,1
2022-09-01,IN,Mounjaro,1
2022-10-01,IN,Mounjaro,1
2022-11-01,IN,Mounjaro,1
2022-12-01,IN,Mounjaro,2
2023-01-01,IN,Mounjaro,2
2023-02-01,IN,Mounjaro,2
2023-03-01,IN,Mounjaro,2
2023-04-01,IN,Mounjaro,3
2023-05-01,IN,Mounjaro,2
2023-06-01,IN,Mounjaro,3
2023-07-01,IN,Mounjaro,3
2023-08-01,IN,Mounjaro,3
2023-09-01,IN,Mounjaro,3
2023-10-01,IN,Mounjaro,3
2023-11-01,IN,Mounjaro,4
2023-12-01,IN,Mounjaro,4
2024-01-01,IN,Mounjaro,4
2024-02-01,IN,Mounjaro,5
2024-03-01,IN,Mounjaro,4
2024-04-01,IN,Mounjaro,6
2024-05-01,IN,Mounjaro,5
2024-06-01,IN,Mounjaro,5
2024-07-01,IN,Mounjaro,7
2024-08-01,IN,Mounjaro,11
2024-09-01,IN,Mounjaro,8
2024-10-01,IN,Mounjaro,8
2024-11-01,IN,Mounjaro,10
2024-12-01,IN,Mounjaro,10
2025-01-01,IN,Mounjaro,12
2025-02-01,IN,Mounjaro,11
2025-03-01,IN,Mounjaro,52
2025-04-01,IN,Mounjaro,54
2025-05-01,IN,Mounjaro,44
2025-06-01,IN,Mounjaro,50
2025-07-01,IN,Mounjaro,49
2025-08-01,IN,Mounjaro,55
2025-09-01,IN,Mounjaro,53
2025-10-01,IN,Mounjaro,56
2025-11-01,IN,Mounjaro,77
2025-12-01,IN,Mounjaro,73
2026-01-01,IN,Mounjaro,67
2026-02-01,IN,Mounjaro,98
2026-03-01,IN,Mounjaro,73
2026-04-01,IN,Mounjaro,75
2018-01-01,IN,Ozempic,0
2018-02-01,IN,Ozempic,0
2018-03-01,IN,Ozempic,1
2018-04-01,IN,Ozempic,0
2018-05-01,IN,Ozempic,0
2018-06-01,IN,Ozempic,0
2018-07-01,IN,Ozempic,0
2018-08-01,IN,Ozempic,0
2018-09-01,IN,Ozempic,0
2018-10-01,IN,Ozempic,0
2018-11-01,IN,Ozempic,1
2018-12-01,IN,Ozempic,1
2019-01-01,IN,Ozempic,1
2019-02-01,IN,Ozempic,1
2019-03-01,IN,Ozempic,1
2019-04-01,IN,Ozempic,1
2019-05-01,IN,Ozempic,1
2019-06-01,IN,Ozempic,1
2019-07-01,IN,Ozempic,1
2019-08-01,IN,Ozempic,1
2019-09-01,IN,Ozempic,1
2019-10-01,IN,Ozempic,1
2019-11-01,IN,Ozempic,1
2019-12-01,IN,Ozempic,1
2020-01-01,IN,Ozempic,1
2020-02-01,IN,Ozempic,1
2020-03-01,IN,Ozempic,1
2020-04-01,IN,Ozempic,1
2020-05-01,IN,Ozempic,1
2020-06-01,IN,Ozempic,1
2020-07-01,IN,Ozempic,2
2020-08-01,IN,Ozempic,1
2020-09-01,IN,Ozempic,2
2020-10-01,IN,Ozempic,1
2020-11-01,IN,Ozempic,1
2020-12-01,IN,Ozempic,2
2021-01-01,IN,Ozempic,1
2021-02-01,IN,Ozempic,1
2021-03-01,IN,Ozempic,2
2021-04-01,IN,Ozempic,2
2021-05-01,IN,Ozempic,2
2021-06-01,IN,Ozempic,2
2021-07-01,IN,Ozempic,2
2021-08-01,IN,Ozempic,2
2021-09-01,IN,Ozempic,2
2021-10-01,IN,Ozempic,2
2021-11-01,IN,Ozempic,2
2021-12-01,IN,Ozempic,2
2022-01-01,IN,Ozempic,3
2022-02-01,IN,Ozempic,3
2022-03-01,IN,Ozempic,3
2022-04-01,IN,Ozempic,3
2022-05-01,IN,Ozempic,2
2022-06-01,IN,Ozempic,3
2022-07-01,IN,Ozempic,3
2022-08-01,IN,Ozempic,3
2022-09-01,IN,Ozempic,4
2022-10-01,IN,Ozempic,3
2022-11-01,IN,Ozempic,7
2022-12-01,IN,Ozempic,5
2023-01-01,IN,Ozempic,7
2023-02-01,IN,Ozempic,8
2023-03-01,IN,Ozempic,15
2023-04-01,IN,Ozempic,11
2023-05-01,IN,Ozempic,9
2023-06-01,IN,Ozempic,13
2023-07-01,IN,Ozempic,11
2023-08-01,IN,Ozempic,12
2023-09-01,IN,Ozempic,10
2023-10-01,IN,Ozempic,13
2023-11-01,IN,Ozempic,15
2023-12-01,IN,Ozempic,16
2024-01-01,IN,Ozempic,17
2024-02-01,IN,Ozempic,19
2024-03-01,IN,Ozempic,21
2024-04-01,IN,Ozempic,21
2024-05-01,IN,Ozempic,26
2024-06-01,IN,Ozempic,26
2024-07-01,IN,Ozempic,28
2024-08-01,IN,Ozempic,24
2024-09-01,IN,Ozempic,42
2024-10-01,IN,Ozempic,89
2024-11-01,IN,Ozempic,56
2024-12-01,IN,Ozempic,51
2025-01-01,IN,Ozempic,53
2025-02-01,IN,Ozempic,63
2025-03-01,IN,Ozempic,67
2025-04-01,IN,Ozempic,73
2025-05-01,IN,Ozempic,68
2025-06-01,IN,Ozempic,57
2025-07-01,IN,Ozempic,68
2025-08-01,IN,Ozempic,56
2025-09-01,IN,Ozempic,53
2025-10-01,IN,Ozempic,52
2025-11-01,IN,Ozempic,61
2025-12-01,IN,Ozempic,100
2026-01-01,IN,Ozempic,66
2026-02-01,IN,Ozempic,68
2026-03-01,IN,Ozempic,88
2026-04-01,IN,Ozempic,68
2018-01-01,IN,Wegovy,0
2018-02-01,IN,Wegovy,0
2018-03-01,IN,Wegovy,0
2018-04-01,IN,Wegovy,0
2018-05-01,IN,Wegovy,0
2018-06-01,IN,Wegovy,0
2018-07-01,IN,Wegovy,0
2018-08-01,IN,Wegovy,0
2018-09-01,IN,Wegovy,0
2018-10-01,IN,Wegovy,0
2018-11-01,IN,Wegovy,0
2018-12-01,IN,Wegovy,0
2019-01-01,IN,Wegovy,0
2019-02-01,IN,Wegovy,0
2019-03-01,IN,Wegovy,0
2019-04-01,IN,Wegovy,0
2019-05-01,IN,Wegovy,0
2019-06-01,IN,Wegovy,0
2019-07-01,IN,Wegovy,0
2019-08-01,IN,Wegovy,0
2019-09-01,IN,Wegovy,0
2019-10-01,IN,Wegovy,0
2019-11-01,IN,Wegovy,0
2019-12-01,IN,Wegovy,0
2020-01-01,IN,Wegovy,0
2020-02-01,IN,Wegovy,0
2020-03-01,IN,Wegovy,0
2020-04-01,IN,Wegovy,0
2020-05-01,IN,Wegovy,0
2020-06-01,IN,Wegovy,0
2020-07-01,IN,Wegovy,0
2020-08-01,IN,Wegovy,0
2020-09-01,IN,Wegovy,0
2020-10-01,IN,Wegovy,0
2020-11-01,IN,Wegovy,0
2020-12-01,IN,Wegovy,0
2021-01-01,IN,Wegovy,0
2021-02-01,IN,Wegovy,0
2021-03-01,IN,Wegovy,0
2021-04-01,IN,Wegovy,0
2021-05-01,IN,Wegovy,0
2021-06-01,IN,Wegovy,3
2021-07-01,IN,Wegovy,0
2021-08-01,IN,Wegovy,1
2021-09-01,IN,Wegovy,0
2021-10-01,IN,Wegovy,1
2021-11-01,IN,Wegovy,3
2021-12-01,IN,Wegovy,0
2022-01-01,IN,Wegovy,0
2022-02-01,IN,Wegovy,1
2022-03-01,IN,Wegovy,1
2022-04-01,IN,Wegovy,1
2022-05-01,IN,Wegovy,1
2022-06-01,IN,Wegovy,1
2022-07-01,IN,Wegovy,1
2022-08-01,IN,Wegovy,1
2022-09-01,IN,Wegovy,1
2022-10-01,IN,Wegovy,3
2022-11-01,IN,Wegovy,3
2022-12-01,IN,Wegovy,1
2023-01-01,IN,Wegovy,2
2023-02-01,IN,Wegovy,2
2023-03-01,IN,Wegovy,4
2023-04-01,IN,Wegovy,3
2023-05-01,IN,Wegovy,3
2023-06-01,IN,Wegovy,3
2023-07-01,IN,Wegovy,3
2023-08-01,IN,Wegovy,3
2023-09-01,IN,Wegovy,4
2023-10-01,IN,Wegovy,3
2023-11-01,IN,Wegovy,3
2023-12-01,IN,Wegovy,4
2024-01-01,IN,Wegovy,3
2024-02-01,IN,Wegovy,3
2024-03-01,IN,Wegovy,4
2024-04-01,IN,Wegovy,3
2024-05-01,IN,Wegovy,4
2024-06-01,IN,Wegovy,4
2024-07-01,IN,Wegovy,4
2024-08-01,IN,Wegovy,4
2024-09-01,IN,Wegovy,4
2024-10-01,IN,Wegovy,4
2024-11-01,IN,Wegovy,6
2024-12-01,IN,Wegovy,5
2025-01-01,IN,Wegovy,6
2025-02-01,IN,Wegovy,6
2025-03-01,IN,Wegovy,6
2025-04-01,IN,Wegovy,7
2025-05-01,IN,Wegovy,7
2025-06-01,IN,Wegovy,18
2025-07-01,IN,Wegovy,14
2025-08-01,IN,Wegovy,14
2025-09-01,IN,Wegovy,12
2025-10-01,IN,Wegovy,12
2025-11-01,IN,Wegovy,32
2025-12-01,IN,Wegovy,38
2026-01-01,IN,Wegovy,37
2026-02-01,IN,Wegovy,28
2026-03-01,IN,Wegovy,27
2026-04-01,IN,Wegovy,22
2018-01-01,IN,Zepbound,0
2018-02-01,IN,Zepbound,0
2018-03-01,IN,Zepbound,0
2018-04-01,IN,Zepbound,0
2018-05-01,IN,Zepbound,0
2018-06-01,IN,Zepbound,0
2018-07-01,IN,Zepbound,0
2018-08-01,IN,Zepbound,0
2018-09-01,IN,Zepbound,0
2018-10-01,IN,Zepbound,0
2018-11-01,IN,Zepbound,0
2018-12-01,IN,Zepbound,0
2019-01-01,IN,Zepbound,0
2019-02-01,IN,Zepbound,0
2019-03-01,IN,Zepbound,0
2019-04-01,IN,Zepbound,0
2019-05-01,IN,Zepbound,0
2019-06-01,IN,Zepbound,0
2019-07-01,IN,Zepbound,0
2019-08-01,IN,Zepbound,0
2019-09-01,IN,Zepbound,0
2019-10-01,IN,Zepbound,0
2019-11-01,IN,Zepbound,0
2019-12-01,IN,Zepbound,0
2020-01-01,IN,Zepbound,0
2020-02-01,IN,Zepbound,0
2020-03-01,IN,Zepbound,0
2020-04-01,IN,Zepbound,0
2020-05-01,IN,Zepbound,0
2020-06-01,IN,Zepbound,0
2020-07-01,IN,Zepbound,0
2020-08-01,IN,Zepbound,0
2020-09-01,IN,Zepbound,0
2020-10-01,IN,Zepbound,0
2020-11-01,IN,Zepbound,0
2020-12-01,IN,Zepbound,0
2021-01-01,IN,Zepbound,0
2021-02-01,IN,Zepbound,0
2021-03-01,IN,Zepbound,0
2021-04-01,IN,Zepbound,0
2021-05-01,IN,Zepbound,0
2021-06-01,IN,Zepbound,0
2021-07-01,IN,Zepbound,0
2021-08-01,IN,Zepbound,0
2021-09-01,IN,Zepbound,0
2021-10-01,IN,Zepbound,0
2021-11-01,IN,Zepbound,0
2021-12-01,IN,Zepbound,0
2022-01-01,IN,Zepbound,0
2022-02-01,IN,Zepbound,0
2022-03-01,IN,Zepbound,0
2022-04-01,IN,Zepbound,0
2022-05-01,IN,Zepbound,0
2022-06-01,IN,Zepbound,0
2022-07-01,IN,Zepbound,0
2022-08-01,IN,Zepbound,0
2022-09-01,IN,Zepbound,0
2022-10-01,IN,Zepbound,0
2022-11-01,IN,Zepbound,0
2022-12-01,IN,Zepbound,0
2023-01-01,IN,Zepbound,0
2023-02-01,IN,Zepbound,0
2023-03-01,IN,Zepbound,0
2023-04-01,IN,Zepbound,0
2023-05-01,IN,Zepbound,0
2023-06-01,IN,Zepbound,0
2023-07-01,IN,Zepbound,0
2023-08-01,IN,Zepbound,0
2023-09-01,IN,Zepbound,0
2023-10-01,IN,Zepbound,0
2023-11-01,IN,Zepbound,1
2023-12-01,IN,Zepbound,1
2024-01-01,IN,Zepbound,1
2024-02-01,IN,Zepbound,2
2024-03-01,IN,Zepbound,1
2024-04-01,IN,Zepbound,1
2024-05-01,IN,Zepbound,1
2024-06-01,IN,Zepbound,2
2024-07-01,IN,Zepbound,2
2024-08-01,IN,Zepbound,2
2024-09-01,IN,Zepbound,2
2024-10-01,IN,Zepbound,2
2024-11-01,IN,Zepbound,2
2024-12-01,IN,Zepbound,4
2025-01-01,IN,Zepbound,3
2025-02-01,IN,Zepbound,3
2025-03-01,IN,Zepbound,3
2025-04-01,IN,Zepbound,3
2025-05-01,IN,Zepbound,3
2025-06-01,IN,Zepbound,3
2025-07-01,IN,Zepbound,3
2025-08-01,IN,Zepbound,4
2025-09-01,IN,Zepbound,3
2025-10-01,IN,Zepbound,4
2025-11-01,IN,Zepbound,11
2025-12-01,IN,Zepbound,13
2026-01-01,IN,Zepbound,12
2026-02-01,IN,Zepbound,9
2026-03-01,IN,Zepbound,8
2026-04-01,IN,Zepbound,6
2018-01-01,PK,GLP-1,0
2018-02-01,PK,GLP-1,0
2018-03-01,PK,GLP-1,0
2018-04-01,PK,GLP-1,0
2018-05-01,PK,GLP-1,0
2018-06-01,PK,GLP-1,0
2018-07-01,PK,GLP-1,0
2018-08-01,PK,GLP-1,0
2018-09-01,PK,GLP-1,0
2018-10-01,PK,GLP-1,0
2018-11-01,PK,GLP-1,0
2018-12-01,PK,GLP-1,0
2019-01-01,PK,GLP-1,0
2019-02-01,PK,GLP-1,0
2019-03-01,PK,GLP-1,0
2019-04-01,PK,GLP-1,0
2019-05-01,PK,GLP-1,0
2019-06-01,PK,GLP-1,0
2019-07-01,PK,GLP-1,0
2019-08-01,PK,GLP-1,0
2019-09-01,PK,GLP-1,0
2019-10-01,PK,GLP-1,0
2019-11-01,PK,GLP-1,0
2019-12-01,PK,GLP-1,0
2020-01-01,PK,GLP-1,0
2020-02-01,PK,GLP-1,0
2020-03-01,PK,GLP-1,0
2020-04-01,PK,GLP-1,0
2020-05-01,PK,GLP-1,0
2020-06-01,PK,GLP-1,0
2020-07-01,PK,GLP-1,0
2020-08-01,PK,GLP-1,0
2020-09-01,PK,GLP-1,0
2020-10-01,PK,GLP-1,0
2020-11-01,PK,GLP-1,0
2020-12-01,PK,GLP-1,0
2021-01-01,PK,GLP-1,0
2021-02-01,PK,GLP-1,0
2021-03-01,PK,GLP-1,0
2021-04-01,PK,GLP-1,0
2021-05-01,PK,GLP-1,0
2021-06-01,PK,GLP-1,0
2021-07-01,PK,GLP-1,0
2021-08-01,PK,GLP-1,0
2021-09-01,PK,GLP-1,0
2021-10-01,PK,GLP-1,0
2021-11-01,PK,GLP-1,0
2021-12-01,PK,GLP-1,0
2022-01-01,PK,GLP-1,0
2022-02-01,PK,GLP-1,0
2022-03-01,PK,GLP-1,0
2022-04-01,PK,GLP-1,0
2022-05-01,PK,GLP-1,0
2022-06-01,PK,GLP-1,2
2022-07-01,PK,GLP-1,0
2022-08-01,PK,GLP-1,0
2022-09-01,PK,GLP-1,0
2022-10-01,PK,GLP-1,1
2022-11-01,PK,GLP-1,0
2022-12-01,PK,GLP-1,2
2023-01-01,PK,GLP-1,0
2023-02-01,PK,GLP-1,0
2023-03-01,PK,GLP-1,0
2023-04-01,PK,GLP-1,0
2023-05-01,PK,GLP-1,0
2023-06-01,PK,GLP-1,0
2023-07-01,PK,GLP-1,0
2023-08-01,PK,GLP-1,0
2023-09-01,PK,GLP-1,0
2023-10-01,PK,GLP-1,0
2023-11-01,PK,GLP-1,2
2023-12-01,PK,GLP-1,3
2024-01-01,PK,GLP-1,2
2024-02-01,PK,GLP-1,2
2024-03-01,PK,GLP-1,0
2024-04-01,PK,GLP-1,0
2024-05-01,PK,GLP-1,3
2024-06-01,PK,GLP-1,3
2024-07-01,PK,GLP-1,2
2024-08-01,PK,GLP-1,4
2024-09-01,PK,GLP-1,3
2024-10-01,PK,GLP-1,2
2024-11-01,PK,GLP-1,3
2024-12-01,PK,GLP-1,4
2025-01-01,PK,GLP-1,3
2025-02-01,PK,GLP-1,4
2025-03-01,PK,GLP-1,3
2025-04-01,PK,GLP-1,4
2025-05-01,PK,GLP-1,4
2025-06-01,PK,GLP-1,6
2025-07-01,PK,GLP-1,7
2025-08-01,PK,GLP-1,7
2025-09-01,PK,GLP-1,4
2025-10-01,PK,GLP-1,9
2025-11-01,PK,GLP-1,30
2025-12-01,PK,GLP-1,24
2026-01-01,PK,GLP-1,13
2026-02-01,PK,GLP-1,15
2026-03-01,PK,GLP-1,14
2026-04-01,PK,GLP-1,13
2018-01-01,PK,Mounjaro,0
2018-02-01,PK,Mounjaro,0
2018-03-01,PK,Mounjaro,0
2018-04-01,PK,Mounjaro,0
2018-05-01,PK,Mounjaro,0
2018-06-01,PK,Mounjaro,0
2018-07-01,PK,Mounjaro,0
2018-08-01,PK,Mounjaro,0
2018-09-01,PK,Mounjaro,0
2018-10-01,PK,Mounjaro,0
2018-11-01,PK,Mounjaro,0
2018-12-01,PK,Mounjaro,0
2019-01-01,PK,Mounjaro,0
2019-02-01,PK,Mounjaro,0
2019-03-01,PK,Mounjaro,0
2019-04-01,PK,Mounjaro,0
2019-05-01,PK,Mounjaro,0
2019-06-01,PK,Mounjaro,0
2019-07-01,PK,Mounjaro,0
2019-08-01,PK,Mounjaro,0
2019-09-01,PK,Mounjaro,0
2019-10-01,PK,Mounjaro,0
2019-11-01,PK,Mounjaro,0
2019-12-01,PK,Mounjaro,0
2020-01-01,PK,Mounjaro,0
2020-02-01,PK,Mounjaro,0
2020-03-01,PK,Mounjaro,0
2020-04-01,PK,Mounjaro,0
2020-05-01,PK,Mounjaro,0
2020-06-01,PK,Mounjaro,0
2020-07-01,PK,Mounjaro,0
2020-08-01,PK,Mounjaro,0
2020-09-01,PK,Mounjaro,0
2020-10-01,PK,Mounjaro,0
2020-11-01,PK,Mounjaro,0
2020-12-01,PK,Mounjaro,0
2021-01-01,PK,Mounjaro,0
2021-02-01,PK,Mounjaro,0
2021-03-01,PK,Mounjaro,0
2021-04-01,PK,Mounjaro,0
2021-05-01,PK,Mounjaro,0
2021-06-01,PK,Mounjaro,0
2021-07-01,PK,Mounjaro,0
2021-08-01,PK,Mounjaro,0
2021-09-01,PK,Mounjaro,0
2021-10-01,PK,Mounjaro,0
2021-11-01,PK,Mounjaro,0
2021-12-01,PK,Mounjaro,0
2022-01-01,PK,Mounjaro,0
2022-02-01,PK,Mounjaro,0
2022-03-01,PK,Mounjaro,0
2022-04-01,PK,Mounjaro,0
2022-05-01,PK,Mounjaro,0
2022-06-01,PK,Mounjaro,0
2022-07-01,PK,Mounjaro,0
2022-08-01,PK,Mounjaro,0
2022-09-01,PK,Mounjaro,0
2022-10-01,PK,Mounjaro,0
2022-11-01,PK,Mounjaro,0
2022-12-01,PK,Mounjaro,2
2023-01-01,PK,Mounjaro,2
2023-02-01,PK,Mounjaro,2
2023-03-01,PK,Mounjaro,3
2023-04-01,PK,Mounjaro,5
2023-05-01,PK,Mounjaro,3
2023-06-01,PK,Mounjaro,4
2023-07-01,PK,Mounjaro,2
2023-08-01,PK,Mounjaro,3
2023-09-01,PK,Mounjaro,3
2023-10-01,PK,Mounjaro,2
2023-11-01,PK,Mounjaro,5
2023-12-01,PK,Mounjaro,5
2024-01-01,PK,Mounjaro,3
2024-02-01,PK,Mounjaro,3
2024-03-01,PK,Mounjaro,3
2024-04-01,PK,Mounjaro,4
2024-05-01,PK,Mounjaro,5
2024-06-01,PK,Mounjaro,4
2024-07-01,PK,Mounjaro,7
2024-08-01,PK,Mounjaro,6
2024-09-01,PK,Mounjaro,7
2024-10-01,PK,Mounjaro,8
2024-11-01,PK,Mounjaro,9
2024-12-01,PK,Mounjaro,12
2025-01-01,PK,Mounjaro,11
2025-02-01,PK,Mounjaro,10
2025-03-01,PK,Mounjaro,14
2025-04-01,PK,Mounjaro,26
2025-05-01,PK,Mounjaro,25
2025-06-01,PK,Mounjaro,27
2025-07-01,PK,Mounjaro,21
2025-08-01,PK,Mounjaro,28
2025-09-01,PK,Mounjaro,27
2025-10-01,PK,Mounjaro,27
2025-11-01,PK,Mounjaro,34
2025-12-01,PK,Mounjaro,38
2026-01-01,PK,Mounjaro,37
2026-02-01,PK,Mounjaro,32
2026-03-01,PK,Mounjaro,25
2026-04-01,PK,Mounjaro,28
2018-01-01,PK,Ozempic,0
2018-02-01,PK,Ozempic,0
2018-03-01,PK,Ozempic,0
2018-04-01,PK,Ozempic,0
2018-05-01,PK,Ozempic,0
2018-06-01,PK,Ozempic,0
2018-07-01,PK,Ozempic,0
2018-08-01,PK,Ozempic,0
2018-09-01,PK,Ozempic,0
2018-10-01,PK,Ozempic,0
2018-11-01,PK,Ozempic,0
2018-12-01,PK,Ozempic,0
2019-01-01,PK,Ozempic,0
2019-02-01,PK,Ozempic,0
2019-03-01,PK,Ozempic,0
2019-04-01,PK,Ozempic,0
2019-05-01,PK,Ozempic,0
2019-06-01,PK,Ozempic,0
2019-07-01,PK,Ozempic,0
2019-08-01,PK,Ozempic,0
2019-09-01,PK,Ozempic,0
2019-10-01,PK,Ozempic,0
2019-11-01,PK,Ozempic,0
2019-12-01,PK,Ozempic,0
2020-01-01,PK,Ozempic,0
2020-02-01,PK,Ozempic,0
2020-03-01,PK,Ozempic,0
2020-04-01,PK,Ozempic,0
2020-05-01,PK,Ozempic,0
2020-06-01,PK,Ozempic,0
2020-07-01,PK,Ozempic,0
2020-08-01,PK,Ozempic,0
2020-09-01,PK,Ozempic,0
2020-10-01,PK,Ozempic,3
2020-11-01,PK,Ozempic,0
2020-12-01,PK,Ozempic,0
2021-01-01,PK,Ozempic,0
2021-02-01,PK,Ozempic,0
2021-03-01,PK,Ozempic,0
2021-04-01,PK,Ozempic,0
2021-05-01,PK,Ozempic,3
2021-06-01,PK,Ozempic,3
2021-07-01,PK,Ozempic,0
2021-08-01,PK,Ozempic,0
2021-09-01,PK,Ozempic,0
2021-10-01,PK,Ozempic,8
2021-11-01,PK,Ozempic,5
2021-12-01,PK,Ozempic,8
2022-01-01,PK,Ozempic,9
2022-02-01,PK,Ozempic,10
2022-03-01,PK,Ozempic,11
2022-04-01,PK,Ozempic,10
2022-05-01,PK,Ozempic,10
2022-06-01,PK,Ozempic,12
2022-07-01,PK,Ozempic,10
2022-08-01,PK,Ozempic,11
2022-09-01,PK,Ozempic,13
2022-10-01,PK,Ozempic,14
2022-11-01,PK,Ozempic,15
2022-12-01,PK,Ozempic,17
2023-01-01,PK,Ozempic,22
2023-02-01,PK,Ozempic,19
2023-03-01,PK,Ozempic,26
2023-04-01,PK,Ozempic,31
2023-05-01,PK,Ozempic,26
2023-06-01,PK,Ozempic,30
2023-07-01,PK,Ozempic,26
2023-08-01,PK,Ozempic,28
2023-09-01,PK,Ozempic,26
2023-10-01,PK,Ozempic,28
2023-11-01,PK,Ozempic,31
2023-12-01,PK,Ozempic,34
2024-01-01,PK,Ozempic,36
2024-02-01,PK,Ozempic,39
2024-03-01,PK,Ozempic,32
2024-04-01,PK,Ozempic,42
2024-05-01,PK,Ozempic,55
2024-06-01,PK,Ozempic,50
2024-07-01,PK,Ozempic,54
2024-08-01,PK,Ozempic,48
2024-09-01,PK,Ozempic,68
2024-10-01,PK,Ozempic,73
2024-11-01,PK,Ozempic,69
2024-12-01,PK,Ozempic,67
2025-01-01,PK,Ozempic,71
2025-02-01,PK,Ozempic,72
2025-03-01,PK,Ozempic,73
2025-04-01,PK,Ozempic,97
2025-05-01,PK,Ozempic,92
2025-06-01,PK,Ozempic,99
2025-07-01,PK,Ozempic,87
2025-08-01,PK,Ozempic,96
2025-09-01,PK,Ozempic,75
2025-10-01,PK,Ozempic,100
2025-11-01,PK,Ozempic,98
2025-12-01,PK,Ozempic,83
2026-01-01,PK,Ozempic,92
2026-02-01,PK,Ozempic,63
2026-03-01,PK,Ozempic,54
2026-04-01,PK,Ozempic,58
2018-01-01,PK,Wegovy,0
2018-02-01,PK,Wegovy,0
2018-03-01,PK,Wegovy,0
2018-04-01,PK,Wegovy,0
2018-05-01,PK,Wegovy,0
2018-06-01,PK,Wegovy,0
2018-07-01,PK,Wegovy,0
2018-08-01,PK,Wegovy,0
2018-09-01,PK,Wegovy,0
2018-10-01,PK,Wegovy,0
2018-11-01,PK,Wegovy,0
2018-12-01,PK,Wegovy,0
2019-01-01,PK,Wegovy,0
2019-02-01,PK,Wegovy,0
2019-03-01,PK,Wegovy,0
2019-04-01,PK,Wegovy,0
2019-05-01,PK,Wegovy,0
2019-06-01,PK,Wegovy,0
2019-07-01,PK,Wegovy,0
2019-08-01,PK,Wegovy,0
2019-09-01,PK,Wegovy,0
2019-10-01,PK,Wegovy,0
2019-11-01,PK,Wegovy,0
2019-12-01,PK,Wegovy,0
2020-01-01,PK,Wegovy,0
2020-02-01,PK,Wegovy,0
2020-03-01,PK,Wegovy,2
2020-04-01,PK,Wegovy,0
2020-05-01,PK,Wegovy,0
2020-06-01,PK,Wegovy,0
2020-07-01,PK,Wegovy,0
2020-08-01,PK,Wegovy,0
2020-09-01,PK,Wegovy,0
2020-10-01,PK,Wegovy,0
2020-11-01,PK,Wegovy,0
2020-12-01,PK,Wegovy,0
2021-01-01,PK,Wegovy,0
2021-02-01,PK,Wegovy,0
2021-03-01,PK,Wegovy,0
2021-04-01,PK,Wegovy,0
2021-05-01,PK,Wegovy,0
2021-06-01,PK,Wegovy,0
2021-07-01,PK,Wegovy,0
2021-08-01,PK,Wegovy,0
2021-09-01,PK,Wegovy,0
2021-10-01,PK,Wegovy,0
2021-11-01,PK,Wegovy,0
2021-12-01,PK,Wegovy,0
2022-01-01,PK,Wegovy,0
2022-02-01,PK,Wegovy,0
2022-03-01,PK,Wegovy,0
2022-04-01,PK,Wegovy,2
2022-05-01,PK,Wegovy,0
2022-06-01,PK,Wegovy,0
2022-07-01,PK,Wegovy,0
2022-08-01,PK,Wegovy,0
2022-09-01,PK,Wegovy,0
2022-10-01,PK,Wegovy,0
2022-11-01,PK,Wegovy,2
2022-12-01,PK,Wegovy,0
2023-01-01,PK,Wegovy,2
2023-02-01,PK,Wegovy,2
2023-03-01,PK,Wegovy,2
2023-04-01,PK,Wegovy,4
2023-05-01,PK,Wegovy,3
2023-06-01,PK,Wegovy,4
2023-07-01,PK,Wegovy,3
2023-08-01,PK,Wegovy,4
2023-09-01,PK,Wegovy,3
2023-10-01,PK,Wegovy,2
2023-11-01,PK,Wegovy,3
2023-12-01,PK,Wegovy,3
2024-01-01,PK,Wegovy,2
2024-02-01,PK,Wegovy,4
2024-03-01,PK,Wegovy,3
2024-04-01,PK,Wegovy,3
2024-05-01,PK,Wegovy,4
2024-06-01,PK,Wegovy,3
2024-07-01,PK,Wegovy,3
2024-08-01,PK,Wegovy,4
2024-09-01,PK,Wegovy,3
2024-10-01,PK,Wegovy,3
2024-11-01,PK,Wegovy,4
2024-12-01,PK,Wegovy,4
2025-01-01,PK,Wegovy,4
2025-02-01,PK,Wegovy,3
2025-03-01,PK,Wegovy,5
2025-04-01,PK,Wegovy,5
2025-05-01,PK,Wegovy,4
2025-06-01,PK,Wegovy,8
2025-07-01,PK,Wegovy,5
2025-08-01,PK,Wegovy,5
2025-09-01,PK,Wegovy,3
2025-10-01,PK,Wegovy,6
2025-11-01,PK,Wegovy,16
2025-12-01,PK,Wegovy,15
2026-01-01,PK,Wegovy,14
2026-02-01,PK,Wegovy,9
2026-03-01,PK,Wegovy,11
2026-04-01,PK,Wegovy,10
2018-01-01,PK,Zepbound,0
2018-02-01,PK,Zepbound,0
2018-03-01,PK,Zepbound,0
2018-04-01,PK,Zepbound,0
2018-05-01,PK,Zepbound,0
2018-06-01,PK,Zepbound,0
2018-07-01,PK,Zepbound,0
2018-08-01,PK,Zepbound,0
2018-09-01,PK,Zepbound,0
2018-10-01,PK,Zepbound,0
2018-11-01,PK,Zepbound,0
2018-12-01,PK,Zepbound,0
2019-01-01,PK,Zepbound,0
2019-02-01,PK,Zepbound,0
2019-03-01,PK,Zepbound,0
2019-04-01,PK,Zepbound,0
2019-05-01,PK,Zepbound,0
2019-06-01,PK,Zepbound,0
2019-07-01,PK,Zepbound,0
2019-08-01,PK,Zepbound,0
2019-09-01,PK,Zepbound,0
2019-10-01,PK,Zepbound,0
2019-11-01,PK,Zepbound,0
2019-12-01,PK,Zepbound,0
2020-01-01,PK,Zepbound,0
2020-02-01,PK,Zepbound,0
2020-03-01,PK,Zepbound,0
2020-04-01,PK,Zepbound,0
2020-05-01,PK,Zepbound,0
2020-06-01,PK,Zepbound,0
2020-07-01,PK,Zepbound,0
2020-08-01,PK,Zepbound,0
2020-09-01,PK,Zepbound,0
2020-10-01,PK,Zepbound,0
2020-11-01,PK,Zepbound,0
2020-12-01,PK,Zepbound,0
2021-01-01,PK,Zepbound,0
2021-02-01,PK,Zepbound,0
2021-03-01,PK,Zepbound,0
2021-04-01,PK,Zepbound,0
2021-05-01,PK,Zepbound,0
2021-06-01,PK,Zepbound,0
2021-07-01,PK,Zepbound,0
2021-08-01,PK,Zepbound,0
2021-09-01,PK,Zepbound,0
2021-10-01,PK,Zepbound,0
2021-11-01,PK,Zepbound,0
2021-12-01,PK,Zepbound,0
2022-01-01,PK,Zepbound,0
2022-02-01,PK,Zepbound,0
2022-03-01,PK,Zepbound,0
2022-04-01,PK,Zepbound,0
2022-05-01,PK,Zepbound,0
2022-06-01,PK,Zepbound,0
2022-07-01,PK,Zepbound,0
2022-08-01,PK,Zepbound,0
2022-09-01,PK,Zepbound,0
2022-10-01,PK,Zepbound,0
2022-11-01,PK,Zepbound,0
2022-12-01,PK,Zepbound,0
2023-01-01,PK,Zepbound,0
2023-02-01,PK,Zepbound,0
2023-03-01,PK,Zepbound,0
2023-04-01,PK,Zepbound,0
2023-05-01,PK,Zepbound,0
2023-06-01,PK,Zepbound,0
2023-07-01,PK,Zepbound,0
2023-08-01,PK,Zepbound,0
2023-09-01,PK,Zepbound,0
2023-10-01,PK,Zepbound,0
2023-11-01,PK,Zepbound,0
2023-12-01,PK,Zepbound,0
2024-01-01,PK,Zepbound,0
2024-02-01,PK,Zepbound,0
2024-03-01,PK,Zepbound,0
2024-04-01,PK,Zepbound,0
2024-05-01,PK,Zepbound,0
2024-06-01,PK,Zepbound,0
2024-07-01,PK,Zepbound,0
2024-08-01,PK,Zepbound,2
2024-09-01,PK,Zepbound,0
2024-10-01,PK,Zepbound,0
2024-11-01,PK,Zepbound,0
2024-12-01,PK,Zepbound,0
2025-01-01,PK,Zepbound,0
2025-02-01,PK,Zepbound,0
2025-03-01,PK,Zepbound,2
2025-04-01,PK,Zepbound,2
2025-05-01,PK,Zepbound,0
2025-06-01,PK,Zepbound,2
2025-07-01,PK,Zepbound,0
2025-08-01,PK,Zepbound,2
2025-09-01,PK,Zepbound,2
2025-10-01,PK,Zepbound,3
2025-11-01,PK,Zepbound,7
2025-12-01,PK,Zepbound,7
2026-01-01,PK,Zepbound,8
2026-02-01,PK,Zepbound,3
2026-03-01,PK,Zepbound,4
2026-04-01,PK,Zepbound,4
2018-01-01,SA,GLP-1,0
2018-02-01,SA,GLP-1,0
2018-03-01,SA,GLP-1,5
2018-04-01,SA,GLP-1,0
2018-05-01,SA,GLP-1,0
2018-06-01,SA,GLP-1,0
2018-07-01,SA,GLP-1,0
2018-08-01,SA,GLP-1,0
2018-09-01,SA,GLP-1,0
2018-10-01,SA,GLP-1,0
2018-11-01,SA,GLP-1,0
2018-12-01,SA,GLP-1,0
2019-01-01,SA,GLP-1,0
2019-02-01,SA,GLP-1,0
2019-03-01,SA,GLP-1,0
2019-04-01,SA,GLP-1,0
2019-05-01,SA,GLP-1,0
2019-06-01,SA,GLP-1,0
2019-07-01,SA,GLP-1,0
2019-08-01,SA,GLP-1,0
2019-09-01,SA,GLP-1,0
2019-10-01,SA,GLP-1,0
2019-11-01,SA,GLP-1,0
2019-12-01,SA,GLP-1,0
2020-01-01,SA,GLP-1,3
2020-02-01,SA,GLP-1,0
2020-03-01,SA,GLP-1,2
2020-04-01,SA,GLP-1,0
2020-05-01,SA,GLP-1,0
2020-06-01,SA,GLP-1,0
2020-07-01,SA,GLP-1,0
2020-08-01,SA,GLP-1,0
2020-09-01,SA,GLP-1,2
2020-10-01,SA,GLP-1,0
2020-11-01,SA,GLP-1,0
2020-12-01,SA,GLP-1,0
2021-01-01,SA,GLP-1,2
2021-02-01,SA,GLP-1,3
2021-03-01,SA,GLP-1,0
2021-04-01,SA,GLP-1,0
2021-05-01,SA,GLP-1,3
2021-06-01,SA,GLP-1,4
2021-07-01,SA,GLP-1,0
2021-08-01,SA,GLP-1,0
2021-09-01,SA,GLP-1,0
2021-10-01,SA,GLP-1,0
2021-11-01,SA,GLP-1,0
2021-12-01,SA,GLP-1,0
2022-01-01,SA,GLP-1,3
2022-02-01,SA,GLP-1,0
2022-03-01,SA,GLP-1,2
2022-04-01,SA,GLP-1,0
2022-05-01,SA,GLP-1,5
2022-06-01,SA,GLP-1,0
2022-07-01,SA,GLP-1,0
2022-08-01,SA,GLP-1,0
2022-09-01,SA,GLP-1,2
2022-10-01,SA,GLP-1,3
2022-11-01,SA,GLP-1,4
2022-12-01,SA,GLP-1,3
2023-01-01,SA,GLP-1,3
2023-02-01,SA,GLP-1,4
2023-03-01,SA,GLP-1,4
2023-04-01,SA,GLP-1,0
2023-05-01,SA,GLP-1,3
2023-06-01,SA,GLP-1,3
2023-07-01,SA,GLP-1,4
2023-08-01,SA,GLP-1,4
2023-09-01,SA,GLP-1,4
2023-10-01,SA,GLP-1,4
2023-11-01,SA,GLP-1,3
2023-12-01,SA,GLP-1,4
2024-01-01,SA,GLP-1,5
2024-02-01,SA,GLP-1,6
2024-03-01,SA,GLP-1,2
2024-04-01,SA,GLP-1,5
2024-05-01,SA,GLP-1,7
2024-06-01,SA,GLP-1,4
2024-07-01,SA,GLP-1,5
2024-08-01,SA,GLP-1,5
2024-09-01,SA,GLP-1,5
2024-10-01,SA,GLP-1,7
2024-11-01,SA,GLP-1,4
2024-12-01,SA,GLP-1,5
2025-01-01,SA,GLP-1,6
2025-02-01,SA,GLP-1,3
2025-03-01,SA,GLP-1,5
2025-04-01,SA,GLP-1,6
2025-05-01,SA,GLP-1,6
2025-06-01,SA,GLP-1,5
2025-07-01,SA,GLP-1,6
2025-08-01,SA,GLP-1,8
2025-09-01,SA,GLP-1,5
2025-10-01,SA,GLP-1,10
2025-11-01,SA,GLP-1,53
2025-12-01,SA,GLP-1,45
2026-01-01,SA,GLP-1,28
2026-02-01,SA,GLP-1,26
2026-03-01,SA,GLP-1,36
2026-04-01,SA,GLP-1,32
2018-01-01,SA,Mounjaro,0
2018-02-01,SA,Mounjaro,0
2018-03-01,SA,Mounjaro,0
2018-04-01,SA,Mounjaro,0
2018-05-01,SA,Mounjaro,0
2018-06-01,SA,Mounjaro,0
2018-07-01,SA,Mounjaro,0
2018-08-01,SA,Mounjaro,0
2018-09-01,SA,Mounjaro,0
2018-10-01,SA,Mounjaro,0
2018-11-01,SA,Mounjaro,0
2018-12-01,SA,Mounjaro,0
2019-01-01,SA,Mounjaro,0
2019-02-01,SA,Mounjaro,0
2019-03-01,SA,Mounjaro,0
2019-04-01,SA,Mounjaro,0
2019-05-01,SA,Mounjaro,0
2019-06-01,SA,Mounjaro,0
2019-07-01,SA,Mounjaro,0
2019-08-01,SA,Mounjaro,0
2019-09-01,SA,Mounjaro,0
2019-10-01,SA,Mounjaro,0
2019-11-01,SA,Mounjaro,0
2019-12-01,SA,Mounjaro,0
2020-01-01,SA,Mounjaro,0
2020-02-01,SA,Mounjaro,0
2020-03-01,SA,Mounjaro,0
2020-04-01,SA,Mounjaro,0
2020-05-01,SA,Mounjaro,0
2020-06-01,SA,Mounjaro,0
2020-07-01,SA,Mounjaro,0
2020-08-01,SA,Mounjaro,0
2020-09-01,SA,Mounjaro,0
2020-10-01,SA,Mounjaro,0
2020-11-01,SA,Mounjaro,0
2020-12-01,SA,Mounjaro,0
2021-01-01,SA,Mounjaro,0
2021-02-01,SA,Mounjaro,0
2021-03-01,SA,Mounjaro,0
2021-04-01,SA,Mounjaro,0
2021-05-01,SA,Mounjaro,0
2021-06-01,SA,Mounjaro,0
2021-07-01,SA,Mounjaro,0
2021-08-01,SA,Mounjaro,0
2021-09-01,SA,Mounjaro,0
2021-10-01,SA,Mounjaro,0
2021-11-01,SA,Mounjaro,0
2021-12-01,SA,Mounjaro,2
2022-01-01,SA,Mounjaro,0
2022-02-01,SA,Mounjaro,0
2022-03-01,SA,Mounjaro,0
2022-04-01,SA,Mounjaro,0
2022-05-01,SA,Mounjaro,11
2022-06-01,SA,Mounjaro,5
2022-07-01,SA,Mounjaro,0
2022-08-01,SA,Mounjaro,0
2022-09-01,SA,Mounjaro,3
2022-10-01,SA,Mounjaro,3
2022-11-01,SA,Mounjaro,2
2022-12-01,SA,Mounjaro,11
2023-01-01,SA,Mounjaro,13
2023-02-01,SA,Mounjaro,20
2023-03-01,SA,Mounjaro,20
2023-04-01,SA,Mounjaro,17
2023-05-01,SA,Mounjaro,43
2023-06-01,SA,Mounjaro,35
2023-07-01,SA,Mounjaro,30
2023-08-01,SA,Mounjaro,31
2023-09-01,SA,Mounjaro,25
2023-10-01,SA,Mounjaro,20
2023-11-01,SA,Mounjaro,35
2023-12-01,SA,Mounjaro,33
2024-01-01,SA,Mounjaro,44
2024-02-01,SA,Mounjaro,44
2024-03-01,SA,Mounjaro,43
2024-04-01,SA,Mounjaro,46
2024-05-01,SA,Mounjaro,52
2024-06-01,SA,Mounjaro,50
2024-07-01,SA,Mounjaro,52
2024-08-01,SA,Mounjaro,59
2024-09-01,SA,Mounjaro,62
2024-10-01,SA,Mounjaro,61
2024-11-01,SA,Mounjaro,58
2024-12-01,SA,Mounjaro,49
2025-01-01,SA,Mounjaro,49
2025-02-01,SA,Mounjaro,43
2025-03-01,SA,Mounjaro,46
2025-04-01,SA,Mounjaro,49
2025-05-01,SA,Mounjaro,56
2025-06-01,SA,Mounjaro,53
2025-07-01,SA,Mounjaro,50
2025-08-01,SA,Mounjaro,56
2025-09-01,SA,Mounjaro,47
2025-10-01,SA,Mounjaro,46
2025-11-01,SA,Mounjaro,64
2025-12-01,SA,Mounjaro,65
2026-01-01,SA,Mounjaro,69
2026-02-01,SA,Mounjaro,62
2026-03-01,SA,Mounjaro,74
2026-04-01,SA,Mounjaro,70
2018-01-01,SA,Ozempic,0
2018-02-01,SA,Ozempic,0
2018-03-01,SA,Ozempic,0
2018-04-01,SA,Ozempic,0
2018-05-01,SA,Ozempic,0
2018-06-01,SA,Ozempic,0
2018-07-01,SA,Ozempic,0
2018-08-01,SA,Ozempic,0
2018-09-01,SA,Ozempic,0
2018-10-01,SA,Ozempic,0
2018-11-01,SA,Ozempic,0
2018-12-01,SA,Ozempic,0
2019-01-01,SA,Ozempic,0
2019-02-01,SA,Ozempic,0
2019-03-01,SA,Ozempic,0
2019-04-01,SA,Ozempic,0
2019-05-01,SA,Ozempic,0
2019-06-01,SA,Ozempic,0
2019-07-01,SA,Ozempic,0
2019-08-01,SA,Ozempic,0
2019-09-01,SA,Ozempic,0
2019-10-01,SA,Ozempic,0
2019-11-01,SA,Ozempic,0
2019-12-01,SA,Ozempic,0
2020-01-01,SA,Ozempic,0
2020-02-01,SA,Ozempic,0
2020-03-01,SA,Ozempic,4
2020-04-01,SA,Ozempic,3
2020-05-01,SA,Ozempic,3
2020-06-01,SA,Ozempic,8
2020-07-01,SA,Ozempic,4
2020-08-01,SA,Ozempic,5
2020-09-01,SA,Ozempic,8
2020-10-01,SA,Ozempic,8
2020-11-01,SA,Ozempic,8
2020-12-01,SA,Ozempic,9
2021-01-01,SA,Ozempic,8
2021-02-01,SA,Ozempic,14
2021-03-01,SA,Ozempic,13
2021-04-01,SA,Ozempic,14
2021-05-01,SA,Ozempic,14
2021-06-01,SA,Ozempic,24
2021-07-01,SA,Ozempic,21
2021-08-01,SA,Ozempic,24
2021-09-01,SA,Ozempic,18
2021-10-01,SA,Ozempic,22
2021-11-01,SA,Ozempic,30
2021-12-01,SA,Ozempic,28
2022-01-01,SA,Ozempic,32
2022-02-01,SA,Ozempic,37
2022-03-01,SA,Ozempic,56
2022-04-01,SA,Ozempic,85
2022-05-01,SA,Ozempic,100
2022-06-01,SA,Ozempic,83
2022-07-01,SA,Ozempic,53
2022-08-01,SA,Ozempic,52
2022-09-01,SA,Ozempic,50
2022-10-01,SA,Ozempic,49
2022-11-01,SA,Ozempic,46
2022-12-01,SA,Ozempic,46
2023-01-01,SA,Ozempic,44
2023-02-01,SA,Ozempic,50
2023-03-01,SA,Ozempic,55
2023-04-01,SA,Ozempic,49
2023-05-01,SA,Ozempic,55
2023-06-01,SA,Ozempic,57
2023-07-01,SA,Ozempic,56
2023-08-01,SA,Ozempic,44
2023-09-01,SA,Ozempic,44
2023-10-01,SA,Ozempic,44
2023-11-01,SA,Ozempic,49
2023-12-01,SA,Ozempic,47
2024-01-01,SA,Ozempic,48
2024-02-01,SA,Ozempic,55
2024-03-01,SA,Ozempic,61
2024-04-01,SA,Ozempic,63
2024-05-01,SA,Ozempic,74
2024-06-01,SA,Ozempic,66
2024-07-01,SA,Ozempic,63
2024-08-01,SA,Ozempic,60
2024-09-01,SA,Ozempic,66
2024-10-01,SA,Ozempic,62
2024-11-01,SA,Ozempic,54
2024-12-01,SA,Ozempic,49
2025-01-01,SA,Ozempic,54
2025-02-01,SA,Ozempic,55
2025-03-01,SA,Ozempic,44
2025-04-01,SA,Ozempic,56
2025-05-01,SA,Ozempic,52
2025-06-01,SA,Ozempic,53
2025-07-01,SA,Ozempic,52
2025-08-01,SA,Ozempic,48
2025-09-01,SA,Ozempic,44
2025-10-01,SA,Ozempic,40
2025-11-01,SA,Ozempic,60
2025-12-01,SA,Ozempic,55
2026-01-01,SA,Ozempic,60
2026-02-01,SA,Ozempic,43
2026-03-01,SA,Ozempic,48
2026-04-01,SA,Ozempic,44
2018-01-01,SA,Wegovy,0
2018-02-01,SA,Wegovy,0
2018-03-01,SA,Wegovy,0
2018-04-01,SA,Wegovy,0
2018-05-01,SA,Wegovy,0
2018-06-01,SA,Wegovy,0
2018-07-01,SA,Wegovy,0
2018-08-01,SA,Wegovy,0
2018-09-01,SA,Wegovy,0
2018-10-01,SA,Wegovy,0
2018-11-01,SA,Wegovy,0
2018-12-01,SA,Wegovy,0
2019-01-01,SA,Wegovy,0
2019-02-01,SA,Wegovy,0
2019-03-01,SA,Wegovy,0
2019-04-01,SA,Wegovy,0
2019-05-01,SA,Wegovy,0
2019-06-01,SA,Wegovy,0
2019-07-01,SA,Wegovy,0
2019-08-01,SA,Wegovy,0
2019-09-01,SA,Wegovy,0
2019-10-01,SA,Wegovy,0
2019-11-01,SA,Wegovy,0
2019-12-01,SA,Wegovy,0
2020-01-01,SA,Wegovy,0
2020-02-01,SA,Wegovy,0
2020-03-01,SA,Wegovy,0
2020-04-01,SA,Wegovy,0
2020-05-01,SA,Wegovy,0
2020-06-01,SA,Wegovy,0
2020-07-01,SA,Wegovy,0
2020-08-01,SA,Wegovy,0
2020-09-01,SA,Wegovy,0
2020-10-01,SA,Wegovy,0
2020-11-01,SA,Wegovy,0
2020-12-01,SA,Wegovy,0
2021-01-01,SA,Wegovy,0
2021-02-01,SA,Wegovy,0
2021-03-01,SA,Wegovy,0
2021-04-01,SA,Wegovy,0
2021-05-01,SA,Wegovy,0
2021-06-01,SA,Wegovy,19
2021-07-01,SA,Wegovy,0
2021-08-01,SA,Wegovy,0
2021-09-01,SA,Wegovy,0
2021-10-01,SA,Wegovy,3
2021-11-01,SA,Wegovy,0
2021-12-01,SA,Wegovy,0
2022-01-01,SA,Wegovy,0
2022-02-01,SA,Wegovy,3
2022-03-01,SA,Wegovy,2
2022-04-01,SA,Wegovy,3
2022-05-01,SA,Wegovy,6
2022-06-01,SA,Wegovy,3
2022-07-01,SA,Wegovy,0
2022-08-01,SA,Wegovy,2
2022-09-01,SA,Wegovy,3
2022-10-01,SA,Wegovy,10
2022-11-01,SA,Wegovy,5
2022-12-01,SA,Wegovy,4
2023-01-01,SA,Wegovy,3
2023-02-01,SA,Wegovy,7
2023-03-01,SA,Wegovy,5
2023-04-01,SA,Wegovy,4
2023-05-01,SA,Wegovy,3
2023-06-01,SA,Wegovy,4
2023-07-01,SA,Wegovy,4
2023-08-01,SA,Wegovy,4
2023-09-01,SA,Wegovy,5
2023-10-01,SA,Wegovy,3
2023-11-01,SA,Wegovy,7
2023-12-01,SA,Wegovy,5
2024-01-01,SA,Wegovy,3
2024-02-01,SA,Wegovy,5
2024-03-01,SA,Wegovy,6
2024-04-01,SA,Wegovy,4
2024-05-01,SA,Wegovy,8
2024-06-01,SA,Wegovy,6
2024-07-01,SA,Wegovy,2
2024-08-01,SA,Wegovy,5
2024-09-01,SA,Wegovy,3
2024-10-01,SA,Wegovy,4
2024-11-01,SA,Wegovy,6
2024-12-01,SA,Wegovy,3
2025-01-01,SA,Wegovy,3
2025-02-01,SA,Wegovy,6
2025-03-01,SA,Wegovy,5
2025-04-01,SA,Wegovy,4
2025-05-01,SA,Wegovy,19
2025-06-01,SA,Wegovy,24
2025-07-01,SA,Wegovy,21
2025-08-01,SA,Wegovy,22
2025-09-01,SA,Wegovy,24
2025-10-01,SA,Wegovy,27
2025-11-01,SA,Wegovy,42
2025-12-01,SA,Wegovy,44
2026-01-01,SA,Wegovy,53
2026-02-01,SA,Wegovy,32
2026-03-01,SA,Wegovy,38
2026-04-01,SA,Wegovy,39
2018-01-01,SA,Zepbound,0
2018-02-01,SA,Zepbound,0
2018-03-01,SA,Zepbound,0
2018-04-01,SA,Zepbound,0
2018-05-01,SA,Zepbound,0
2018-06-01,SA,Zepbound,0
2018-07-01,SA,Zepbound,0
2018-08-01,SA,Zepbound,0
2018-09-01,SA,Zepbound,0
2018-10-01,SA,Zepbound,0
2018-11-01,SA,Zepbound,0
2018-12-01,SA,Zepbound,0
2019-01-01,SA,Zepbound,0
2019-02-01,SA,Zepbound,0
2019-03-01,SA,Zepbound,0
2019-04-01,SA,Zepbound,0
2019-05-01,SA,Zepbound,0
2019-06-01,SA,Zepbound,0
2019-07-01,SA,Zepbound,0
2019-08-01,SA,Zepbound,0
2019-09-01,SA,Zepbound,0
2019-10-01,SA,Zepbound,0
2019-11-01,SA,Zepbound,0
2019-12-01,SA,Zepbound,0
2020-01-01,SA,Zepbound,0
2020-02-01,SA,Zepbound,0
2020-03-01,SA,Zepbound,0
2020-04-01,SA,Zepbound,0
2020-05-01,SA,Zepbound,0
2020-06-01,SA,Zepbound,0
2020-07-01,SA,Zepbound,0
2020-08-01,SA,Zepbound,0
2020-09-01,SA,Zepbound,0
2020-10-01,SA,Zepbound,0
2020-11-01,SA,Zepbound,0
2020-12-01,SA,Zepbound,0
2021-01-01,SA,Zepbound,0
2021-02-01,SA,Zepbound,0
2021-03-01,SA,Zepbound,0
2021-04-01,SA,Zepbound,0
2021-05-01,SA,Zepbound,0
2021-06-01,SA,Zepbound,0
2021-07-01,SA,Zepbound,0
2021-08-01,SA,Zepbound,0
2021-09-01,SA,Zepbound,0
2021-10-01,SA,Zepbound,0
2021-11-01,SA,Zepbound,0
2021-12-01,SA,Zepbound,0
2022-01-01,SA,Zepbound,0
2022-02-01,SA,Zepbound,0
2022-03-01,SA,Zepbound,0
2022-04-01,SA,Zepbound,0
2022-05-01,SA,Zepbound,0
2022-06-01,SA,Zepbound,0
2022-07-01,SA,Zepbound,0
2022-08-01,SA,Zepbound,0
2022-09-01,SA,Zepbound,0
2022-10-01,SA,Zepbound,0
2022-11-01,SA,Zepbound,0
2022-12-01,SA,Zepbound,0
2023-01-01,SA,Zepbound,0
2023-02-01,SA,Zepbound,0
2023-03-01,SA,Zepbound,0
2023-04-01,SA,Zepbound,0
2023-05-01,SA,Zepbound,0
2023-06-01,SA,Zepbound,0
2023-07-01,SA,Zepbound,0
2023-08-01,SA,Zepbound,0
2023-09-01,SA,Zepbound,0
2023-10-01,SA,Zepbound,0
2023-11-01,SA,Zepbound,8
2023-12-01,SA,Zepbound,2
2024-01-01,SA,Zepbound,0
2024-02-01,SA,Zepbound,0
2024-03-01,SA,Zepbound,0
2024-04-01,SA,Zepbound,0
2024-05-01,SA,Zepbound,0
2024-06-01,SA,Zepbound,0
2024-07-01,SA,Zepbound,0
2024-08-01,SA,Zepbound,0
2024-09-01,SA,Zepbound,0
2024-10-01,SA,Zepbound,0
2024-11-01,SA,Zepbound,0
2024-12-01,SA,Zepbound,0
2025-01-01,SA,Zepbound,0
2025-02-01,SA,Zepbound,0
2025-03-01,SA,Zepbound,0
2025-04-01,SA,Zepbound,0
2025-05-01,SA,Zepbound,0
2025-06-01,SA,Zepbound,3
2025-07-01,SA,Zepbound,0
2025-08-01,SA,Zepbound,3
2025-09-01,SA,Zepbound,0
2025-10-01,SA,Zepbound,3
2025-11-01,SA,Zepbound,12
2025-12-01,SA,Zepbound,14
2026-01-01,SA,Zepbound,9
2026-02-01,SA,Zepbound,5
2026-03-01,SA,Zepbound,8
2026-04-01,SA,Zepbound,6
2018-01-01,US,GLP-1,0
2018-02-01,US,GLP-1,0
2018-03-01,US,GLP-1,0
2018-04-01,US,GLP-1,0
2018-05-01,US,GLP-1,0
2018-06-01,US,GLP-1,0
2018-07-01,US,GLP-1,0
2018-08-01,US,GLP-1,0
2018-09-01,US,GLP-1,0
2018-10-01,US,GLP-1,0
2018-11-01,US,GLP-1,0
2018-12-01,US,GLP-1,0
2019-01-01,US,GLP-1,0
2019-02-01,US,GLP-1,0
2019-03-01,US,GLP-1,0
2019-04-01,US,GLP-1,0
2019-05-01,US,GLP-1,0
2019-06-01,US,GLP-1,0
2019-07-01,US,GLP-1,0
2019-08-01,US,GLP-1,0
2019-09-01,US,GLP-1,0
2019-10-01,US,GLP-1,0
2019-11-01,US,GLP-1,0
2019-12-01,US,GLP-1,0
2020-01-01,US,GLP-1,0
2020-02-01,US,GLP-1,0
2020-03-01,US,GLP-1,0
2020-04-01,US,GLP-1,0
2020-05-01,US,GLP-1,0
2020-06-01,US,GLP-1,0
2020-07-01,US,GLP-1,0
2020-08-01,US,GLP-1,0
2020-09-01,US,GLP-1,0
2020-10-01,US,GLP-1,0
2020-11-01,US,GLP-1,0
2020-12-01,US,GLP-1,0
2021-01-01,US,GLP-1,0
2021-02-01,US,GLP-1,0
2021-03-01,US,GLP-1,0
2021-04-01,US,GLP-1,0
2021-05-01,US,GLP-1,0
2021-06-01,US,GLP-1,0
2021-07-01,US,GLP-1,0
2021-08-01,US,GLP-1,0
2021-09-01,US,GLP-1,0
2021-10-01,US,GLP-1,0
2021-11-01,US,GLP-1,0
2021-12-01,US,GLP-1,0
2022-01-01,US,GLP-1,1
2022-02-01,US,GLP-1,1
2022-03-01,US,GLP-1,1
2022-04-01,US,GLP-1,1
2022-05-01,US,GLP-1,1
2022-06-01,US,GLP-1,1
2022-07-01,US,GLP-1,1
2022-08-01,US,GLP-1,1
2022-09-01,US,GLP-1,1
2022-10-01,US,GLP-1,1
2022-11-01,US,GLP-1,1
2022-12-01,US,GLP-1,1
2023-01-01,US,GLP-1,2
2023-02-01,US,GLP-1,2
2023-03-01,US,GLP-1,2
2023-04-01,US,GLP-1,2
2023-05-01,US,GLP-1,2
2023-06-01,US,GLP-1,2
2023-07-01,US,GLP-1,2
2023-08-01,US,GLP-1,2
2023-09-01,US,GLP-1,2
2023-10-01,US,GLP-1,3
2023-11-01,US,GLP-1,2
2023-12-01,US,GLP-1,3
2024-01-01,US,GLP-1,5
2024-02-01,US,GLP-1,5
2024-03-01,US,GLP-1,5
2024-04-01,US,GLP-1,6
2024-05-01,US,GLP-1,6
2024-06-01,US,GLP-1,6
2024-07-01,US,GLP-1,7
2024-08-01,US,GLP-1,8
2024-09-01,US,GLP-1,8
2024-10-01,US,GLP-1,9
2024-11-01,US,GLP-1,9
2024-12-01,US,GLP-1,9
2025-01-01,US,GLP-1,14
2025-02-01,US,GLP-1,14
2025-03-01,US,GLP-1,14
2025-04-01,US,GLP-1,16
2025-05-01,US,GLP-1,16
2025-06-01,US,GLP-1,18
2025-07-01,US,GLP-1,22
2025-08-01,US,GLP-1,26
2025-09-01,US,GLP-1,22
2025-10-01,US,GLP-1,22
2025-11-01,US,GLP-1,29
2025-12-01,US,GLP-1,28
2026-01-01,US,GLP-1,35
2026-02-01,US,GLP-1,33
2026-03-01,US,GLP-1,41
2026-04-01,US,GLP-1,40
2018-01-01,US,Mounjaro,0
2018-02-01,US,Mounjaro,0
2018-03-01,US,Mounjaro,0
2018-04-01,US,Mounjaro,0
2018-05-01,US,Mounjaro,0
2018-06-01,US,Mounjaro,0
2018-07-01,US,Mounjaro,0
2018-08-01,US,Mounjaro,0
2018-09-01,US,Mounjaro,0
2018-10-01,US,Mounjaro,0
2018-11-01,US,Mounjaro,0
2018-12-01,US,Mounjaro,0
2019-01-01,US,Mounjaro,0
2019-02-01,US,Mounjaro,0
2019-03-01,US,Mounjaro,0
2019-04-01,US,Mounjaro,0
2019-05-01,US,Mounjaro,0
2019-06-01,US,Mounjaro,0
2019-07-01,US,Mounjaro,0
2019-08-01,US,Mounjaro,0
2019-09-01,US,Mounjaro,0
2019-10-01,US,Mounjaro,0
2019-11-01,US,Mounjaro,0
2019-12-01,US,Mounjaro,0
2020-01-01,US,Mounjaro,0
2020-02-01,US,Mounjaro,0
2020-03-01,US,Mounjaro,0
2020-04-01,US,Mounjaro,0
2020-05-01,US,Mounjaro,0
2020-06-01,US,Mounjaro,0
2020-07-01,US,Mounjaro,0
2020-08-01,US,Mounjaro,0
2020-09-01,US,Mounjaro,0
2020-10-01,US,Mounjaro,0
2020-11-01,US,Mounjaro,0
2020-12-01,US,Mounjaro,0
2021-01-01,US,Mounjaro,0
2021-02-01,US,Mounjaro,0
2021-03-01,US,Mounjaro,0
2021-04-01,US,Mounjaro,0
2021-05-01,US,Mounjaro,0
2021-06-01,US,Mounjaro,0
2021-07-01,US,Mounjaro,0
2021-08-01,US,Mounjaro,0
2021-09-01,US,Mounjaro,0
2021-10-01,US,Mounjaro,0
2021-11-01,US,Mounjaro,0
2021-12-01,US,Mounjaro,0
2022-01-01,US,Mounjaro,0
2022-02-01,US,Mounjaro,0
2022-03-01,US,Mounjaro,0
2022-04-01,US,Mounjaro,0
2022-05-01,US,Mounjaro,0
2022-06-01,US,Mounjaro,2
2022-07-01,US,Mounjaro,5
2022-08-01,US,Mounjaro,9
2022-09-01,US,Mounjaro,14
2022-10-01,US,Mounjaro,20
2022-11-01,US,Mounjaro,23
2022-12-01,US,Mounjaro,22
2023-01-01,US,Mounjaro,24
2023-02-01,US,Mounjaro,21
2023-03-01,US,Mounjaro,22
2023-04-01,US,Mounjaro,24
2023-05-01,US,Mounjaro,23
2023-06-01,US,Mounjaro,26
2023-07-01,US,Mounjaro,23
2023-08-01,US,Mounjaro,19
2023-09-01,US,Mounjaro,17
2023-10-01,US,Mounjaro,19
2023-11-01,US,Mounjaro,23
2023-12-01,US,Mounjaro,22
2024-01-01,US,Mounjaro,23
2024-02-01,US,Mounjaro,24
2024-03-01,US,Mounjaro,28
2024-04-01,US,Mounjaro,26
2024-05-01,US,Mounjaro,25
2024-06-01,US,Mounjaro,21
2024-07-01,US,Mounjaro,22
2024-08-01,US,Mounjaro,21
2024-09-01,US,Mounjaro,18
2024-10-01,US,Mounjaro,19
2024-11-01,US,Mounjaro,20
2024-12-01,US,Mounjaro,22
2025-01-01,US,Mounjaro,26
2025-02-01,US,Mounjaro,29
2025-03-01,US,Mounjaro,27
2025-04-01,US,Mounjaro,27
2025-05-01,US,Mounjaro,26
2025-06-01,US,Mounjaro,25
2025-07-01,US,Mounjaro,27
2025-08-01,US,Mounjaro,25
2025-09-01,US,Mounjaro,22
2025-10-01,US,Mounjaro,23
2025-11-01,US,Mounjaro,25
2025-12-01,US,Mounjaro,26
2026-01-01,US,Mounjaro,31
2026-02-01,US,Mounjaro,27
2026-03-01,US,Mounjaro,28
2026-04-01,US,Mounjaro,25
2018-01-01,US,Ozempic,0
2018-02-01,US,Ozempic,0
2018-03-01,US,Ozempic,0
2018-04-01,US,Ozempic,0
2018-05-01,US,Ozempic,0
2018-06-01,US,Ozempic,1
2018-07-01,US,Ozempic,1
2018-08-01,US,Ozempic,2
2018-09-01,US,Ozempic,1
2018-10-01,US,Ozempic,1
2018-11-01,US,Ozempic,2
2018-12-01,US,Ozempic,1
2019-01-01,US,Ozempic,2
2019-02-01,US,Ozempic,2
2019-03-01,US,Ozempic,2
2019-04-01,US,Ozempic,2
2019-05-01,US,Ozempic,2
2019-06-01,US,Ozempic,2
2019-07-01,US,Ozempic,2
2019-08-01,US,Ozempic,3
2019-09-01,US,Ozempic,2
2019-10-01,US,Ozempic,3
2019-11-01,US,Ozempic,2
2019-12-01,US,Ozempic,2
2020-01-01,US,Ozempic,3
2020-02-01,US,Ozempic,3
2020-03-01,US,Ozempic,2
2020-04-01,US,Ozempic,2
2020-05-01,US,Ozempic,2
2020-06-01,US,Ozempic,3
2020-07-01,US,Ozempic,3
2020-08-01,US,Ozempic,3
2020-09-01,US,Ozempic,3
2020-10-01,US,Ozempic,3
2020-11-01,US,Ozempic,3
2020-12-01,US,Ozempic,3
2021-01-01,US,Ozempic,4
2021-02-01,US,Ozempic,5
2021-03-01,US,Ozempic,5
2021-04-01,US,Ozempic,6
2021-05-01,US,Ozempic,5
2021-06-01,US,Ozempic,7
2021-07-01,US,Ozempic,7
2021-08-01,US,Ozempic,7
2021-09-01,US,Ozempic,7
2021-10-01,US,Ozempic,7
2021-11-01,US,Ozempic,7
2021-12-01,US,Ozempic,7
2022-01-01,US,Ozempic,9
2022-02-01,US,Ozempic,10
2022-03-01,US,Ozempic,11
2022-04-01,US,Ozempic,11
2022-05-01,US,Ozempic,14
2022-06-01,US,Ozempic,16
2022-07-01,US,Ozempic,17
2022-08-01,US,Ozempic,19
2022-09-01,US,Ozempic,19
2022-10-01,US,Ozempic,26
2022-11-01,US,Ozempic,30
2022-12-01,US,Ozempic,30
2023-01-01,US,Ozempic,51
2023-02-01,US,Ozempic,55
2023-03-01,US,Ozempic,66
2023-04-01,US,Ozempic,64
2023-05-01,US,Ozempic,72
2023-06-01,US,Ozempic,83
2023-07-01,US,Ozempic,67
2023-08-01,US,Ozempic,61
2023-09-01,US,Ozempic,58
2023-10-01,US,Ozempic,59
2023-11-01,US,Ozempic,58
2023-12-01,US,Ozempic,63
2024-01-01,US,Ozempic,69
2024-02-01,US,Ozempic,72
2024-03-01,US,Ozempic,86
2024-04-01,US,Ozempic,87
2024-05-01,US,Ozempic,100
2024-06-01,US,Ozempic,84
2024-07-01,US,Ozempic,77
2024-08-01,US,Ozempic,72
2024-09-01,US,Ozempic,72
2024-10-01,US,Ozempic,66
2024-11-01,US,Ozempic,63
2024-12-01,US,Ozempic,63
2025-01-01,US,Ozempic,65
2025-02-01,US,Ozempic,66
2025-03-01,US,Ozempic,63
2025-04-01,US,Ozempic,61
2025-05-01,US,Ozempic,60
2025-06-01,US,Ozempic,57
2025-07-01,US,Ozempic,59
2025-08-01,US,Ozempic,59
2025-09-01,US,Ozempic,51
2025-10-01,US,Ozempic,52
2025-11-01,US,Ozempic,52
2025-12-01,US,Ozempic,50
2026-01-01,US,Ozempic,51
2026-02-01,US,Ozempic,50
2026-03-01,US,Ozempic,57
2026-04-01,US,Ozempic,51
2018-01-01,US,Wegovy,0
2018-02-01,US,Wegovy,0
2018-03-01,US,Wegovy,0
2018-04-01,US,Wegovy,0
2018-05-01,US,Wegovy,0
2018-06-01,US,Wegovy,0
2018-07-01,US,Wegovy,0
2018-08-01,US,Wegovy,0
2018-09-01,US,Wegovy,0
2018-10-01,US,Wegovy,0
2018-11-01,US,Wegovy,0
2018-12-01,US,Wegovy,0
2019-01-01,US,Wegovy,0
2019-02-01,US,Wegovy,0
2019-03-01,US,Wegovy,0
2019-04-01,US,Wegovy,0
2019-05-01,US,Wegovy,0
2019-06-01,US,Wegovy,0
2019-07-01,US,Wegovy,0
2019-08-01,US,Wegovy,0
2019-09-01,US,Wegovy,0
2019-10-01,US,Wegovy,0
2019-11-01,US,Wegovy,0
2019-12-01,US,Wegovy,0
2020-01-01,US,Wegovy,0
2020-02-01,US,Wegovy,0
2020-03-01,US,Wegovy,0
2020-04-01,US,Wegovy,0
2020-05-01,US,Wegovy,0
2020-06-01,US,Wegovy,0
2020-07-01,US,Wegovy,0
2020-08-01,US,Wegovy,0
2020-09-01,US,Wegovy,0
2020-10-01,US,Wegovy,0
2020-11-01,US,Wegovy,0
2020-12-01,US,Wegovy,0
2021-01-01,US,Wegovy,0
2021-02-01,US,Wegovy,0
2021-03-01,US,Wegovy,0
2021-04-01,US,Wegovy,0
2021-05-01,US,Wegovy,0
2021-06-01,US,Wegovy,7
2021-07-01,US,Wegovy,4
2021-08-01,US,Wegovy,4
2021-09-01,US,Wegovy,3
2021-10-01,US,Wegovy,3
2021-11-01,US,Wegovy,4
2021-12-01,US,Wegovy,3
2022-01-01,US,Wegovy,4
2022-02-01,US,Wegovy,5
2022-03-01,US,Wegovy,6
2022-04-01,US,Wegovy,7
2022-05-01,US,Wegovy,6
2022-06-01,US,Wegovy,6
2022-07-01,US,Wegovy,6
2022-08-01,US,Wegovy,6
2022-09-01,US,Wegovy,5
2022-10-01,US,Wegovy,8
2022-11-01,US,Wegovy,8
2022-12-01,US,Wegovy,9
2023-01-01,US,Wegovy,19
2023-02-01,US,Wegovy,22
2023-03-01,US,Wegovy,25
2023-04-01,US,Wegovy,28
2023-05-01,US,Wegovy,33
2023-06-01,US,Wegovy,32
2023-07-01,US,Wegovy,25
2023-08-01,US,Wegovy,25
2023-09-01,US,Wegovy,21
2023-10-01,US,Wegovy,21
2023-11-01,US,Wegovy,22
2023-12-01,US,Wegovy,20
2024-01-01,US,Wegovy,22
2024-02-01,US,Wegovy,22
2024-03-01,US,Wegovy,28
2024-04-01,US,Wegovy,25
2024-05-01,US,Wegovy,28
2024-06-01,US,Wegovy,32
2024-07-01,US,Wegovy,30
2024-08-01,US,Wegovy,29
2024-09-01,US,Wegovy,26
2024-10-01,US,Wegovy,26
2024-11-01,US,Wegovy,25
2024-12-01,US,Wegovy,25
2025-01-01,US,Wegovy,27
2025-02-01,US,Wegovy,23
2025-03-01,US,Wegovy,24
2025-04-01,US,Wegovy,24
2025-05-01,US,Wegovy,25
2025-06-01,US,Wegovy,25
2025-07-01,US,Wegovy,29
2025-08-01,US,Wegovy,25
2025-09-01,US,Wegovy,23
2025-10-01,US,Wegovy,24
2025-11-01,US,Wegovy,28
2025-12-01,US,Wegovy,30
2026-01-01,US,Wegovy,53
2026-02-01,US,Wegovy,55
2026-03-01,US,Wegovy,55
2026-04-01,US,Wegovy,55
2018-01-01,US,Zepbound,0
2018-02-01,US,Zepbound,0
2018-03-01,US,Zepbound,0
2018-04-01,US,Zepbound,0
2018-05-01,US,Zepbound,0
2018-06-01,US,Zepbound,0
2018-07-01,US,Zepbound,0
2018-08-01,US,Zepbound,0
2018-09-01,US,Zepbound,0
2018-10-01,US,Zepbound,0
2018-11-01,US,Zepbound,0
2018-12-01,US,Zepbound,0
2019-01-01,US,Zepbound,0
2019-02-01,US,Zepbound,0
2019-03-01,US,Zepbound,0
2019-04-01,US,Zepbound,0
2019-05-01,US,Zepbound,0
2019-06-01,US,Zepbound,0
2019-07-01,US,Zepbound,0
2019-08-01,US,Zepbound,0
2019-09-01,US,Zepbound,0
2019-10-01,US,Zepbound,0
2019-11-01,US,Zepbound,0
2019-12-01,US,Zepbound,0
2020-01-01,US,Zepbound,0
2020-02-01,US,Zepbound,0
2020-03-01,US,Zepbound,0
2020-04-01,US,Zepbound,0
2020-05-01,US,Zepbound,0
2020-06-01,US,Zepbound,0
2020-07-01,US,Zepbound,0
2020-08-01,US,Zepbound,0
2020-09-01,US,Zepbound,0
2020-10-01,US,Zepbound,0
2020-11-01,US,Zepbound,0
2020-12-01,US,Zepbound,0
2021-01-01,US,Zepbound,0
2021-02-01,US,Zepbound,0
2021-03-01,US,Zepbound,0
2021-04-01,US,Zepbound,0
2021-05-01,US,Zepbound,0
2021-06-01,US,Zepbound,0
2021-07-01,US,Zepbound,0
2021-08-01,US,Zepbound,0
2021-09-01,US,Zepbound,0
2021-10-01,US,Zepbound,0
2021-11-01,US,Zepbound,0
2021-12-01,US,Zepbound,0
2022-01-01,US,Zepbound,0
2022-02-01,US,Zepbound,0
2022-03-01,US,Zepbound,0
2022-04-01,US,Zepbound,0
2022-05-01,US,Zepbound,0
2022-06-01,US,Zepbound,0
2022-07-01,US,Zepbound,0
2022-08-01,US,Zepbound,0
2022-09-01,US,Zepbound,0
2022-10-01,US,Zepbound,0
2022-11-01,US,Zepbound,0
2022-12-01,US,Zepbound,0
2023-01-01,US,Zepbound,0
2023-02-01,US,Zepbound,0
2023-03-01,US,Zepbound,0
2023-04-01,US,Zepbound,0
2023-05-01,US,Zepbound,0
2023-06-01,US,Zepbound,0
2023-07-01,US,Zepbound,0
2023-08-01,US,Zepbound,0
2023-09-01,US,Zepbound,0
2023-10-01,US,Zepbound,0
2023-11-01,US,Zepbound,11
2023-12-01,US,Zepbound,12
2024-01-01,US,Zepbound,16
2024-02-01,US,Zepbound,16
2024-03-01,US,Zepbound,23
2024-04-01,US,Zepbound,23
2024-05-01,US,Zepbound,20
2024-06-01,US,Zepbound,18
2024-07-01,US,Zepbound,18
2024-08-01,US,Zepbound,21
2024-09-01,US,Zepbound,19
2024-10-01,US,Zepbound,20
2024-11-01,US,Zepbound,21
2024-12-01,US,Zepbound,26
2025-01-01,US,Zepbound,32
2025-02-01,US,Zepbound,33
2025-03-01,US,Zepbound,34
2025-04-01,US,Zepbound,38
2025-05-01,US,Zepbound,42
2025-06-01,US,Zepbound,41
2025-07-01,US,Zepbound,42
2025-08-01,US,Zepbound,40
2025-09-01,US,Zepbound,41
2025-10-01,US,Zepbound,42
2025-11-01,US,Zepbound,47
2025-12-01,US,Zepbound,46
2026-01-01,US,Zepbound,52
2026-02-01,US,Zepbound,52
2026-03-01,US,Zepbound,53
2026-04-01,US,Zepbound,53
2018-01-01,WORLD,GLP-1,0
2018-02-01,WORLD,GLP-1,0
2018-03-01,WORLD,GLP-1,0
2018-04-01,WORLD,GLP-1,0
2018-05-01,WORLD,GLP-1,0
2018-06-01,WORLD,GLP-1,0
2018-07-01,WORLD,GLP-1,0
2018-08-01,WORLD,GLP-1,0
2018-09-01,WORLD,GLP-1,0
2018-10-01,WORLD,GLP-1,0
2018-11-01,WORLD,GLP-1,0
2018-12-01,WORLD,GLP-1,0
2019-01-01,WORLD,GLP-1,0
2019-02-01,WORLD,GLP-1,0
2019-03-01,WORLD,GLP-1,0
2019-04-01,WORLD,GLP-1,1
2019-05-01,WORLD,GLP-1,0
2019-06-01,WORLD,GLP-1,0
2019-07-01,WORLD,GLP-1,0
2019-08-01,WORLD,GLP-1,0
2019-09-01,WORLD,GLP-1,1
2019-10-01,WORLD,GLP-1,1
2019-11-01,WORLD,GLP-1,0
2019-12-01,WORLD,GLP-1,0
2020-01-01,WORLD,GLP-1,0
2020-02-01,WORLD,GLP-1,0
2020-03-01,WORLD,GLP-1,0
2020-04-01,WORLD,GLP-1,0
2020-05-01,WORLD,GLP-1,0
2020-06-01,WORLD,GLP-1,1
2020-07-01,WORLD,GLP-1,1
2020-08-01,WORLD,GLP-1,0
2020-09-01,WORLD,GLP-1,0
2020-10-01,WORLD,GLP-1,0
2020-11-01,WORLD,GLP-1,0
2020-12-01,WORLD,GLP-1,0
2021-01-01,WORLD,GLP-1,0
2021-02-01,WORLD,GLP-1,0
2021-03-01,WORLD,GLP-1,1
2021-04-01,WORLD,GLP-1,1
2021-05-01,WORLD,GLP-1,1
2021-06-01,WORLD,GLP-1,1
2021-07-01,WORLD,GLP-1,1
2021-08-01,WORLD,GLP-1,0
2021-09-01,WORLD,GLP-1,1
2021-10-01,WORLD,GLP-1,1
2021-11-01,WORLD,GLP-1,1
2021-12-01,WORLD,GLP-1,1
2022-01-01,WORLD,GLP-1,1
2022-02-01,WORLD,GLP-1,1
2022-03-01,WORLD,GLP-1,1
2022-04-01,WORLD,GLP-1,1
2022-05-01,WORLD,GLP-1,1
2022-06-01,WORLD,GLP-1,1
2022-07-01,WORLD,GLP-1,1
2022-08-01,WORLD,GLP-1,1
2022-09-01,WORLD,GLP-1,1
2022-10-01,WORLD,GLP-1,1
2022-11-01,WORLD,GLP-1,1
2022-12-01,WORLD,GLP-1,1
2023-01-01,WORLD,GLP-1,1
2023-02-01,WORLD,GLP-1,1
2023-03-01,WORLD,GLP-1,2
2023-04-01,WORLD,GLP-1,1
2023-05-01,WORLD,GLP-1,1
2023-06-01,WORLD,GLP-1,2
2023-07-01,WORLD,GLP-1,1
2023-08-01,WORLD,GLP-1,2
2023-09-01,WORLD,GLP-1,2
2023-10-01,WORLD,GLP-1,2
2023-11-01,WORLD,GLP-1,2
2023-12-01,WORLD,GLP-1,2
2024-01-01,WORLD,GLP-1,3
2024-02-01,WORLD,GLP-1,3
2024-03-01,WORLD,GLP-1,4
2024-04-01,WORLD,GLP-1,4
2024-05-01,WORLD,GLP-1,4
2024-06-01,WORLD,GLP-1,5
2024-07-01,WORLD,GLP-1,5
2024-08-01,WORLD,GLP-1,5
2024-09-01,WORLD,GLP-1,6
2024-10-01,WORLD,GLP-1,7
2024-11-01,WORLD,GLP-1,6
2024-12-01,WORLD,GLP-1,7
2025-01-01,WORLD,GLP-1,10
2025-02-01,WORLD,GLP-1,10
2025-03-01,WORLD,GLP-1,10
2025-04-01,WORLD,GLP-1,11
2025-05-01,WORLD,GLP-1,12
2025-06-01,WORLD,GLP-1,14
2025-07-01,WORLD,GLP-1,16
2025-08-01,WORLD,GLP-1,36
2025-09-01,WORLD,GLP-1,39
2025-10-01,WORLD,GLP-1,37
2025-11-01,WORLD,GLP-1,39
2025-12-01,WORLD,GLP-1,35
2026-01-01,WORLD,GLP-1,35
2026-02-01,WORLD,GLP-1,32
2026-03-01,WORLD,GLP-1,43
2026-04-01,WORLD,GLP-1,38
2018-01-01,WORLD,Mounjaro,0
2018-02-01,WORLD,Mounjaro,0
2018-03-01,WORLD,Mounjaro,0
2018-04-01,WORLD,Mounjaro,0
2018-05-01,WORLD,Mounjaro,0
2018-06-01,WORLD,Mounjaro,0
2018-07-01,WORLD,Mounjaro,0
2018-08-01,WORLD,Mounjaro,0
2018-09-01,WORLD,Mounjaro,0
2018-10-01,WORLD,Mounjaro,0
2018-11-01,WORLD,Mounjaro,0
2018-12-01,WORLD,Mounjaro,0
2019-01-01,WORLD,Mounjaro,0
2019-02-01,WORLD,Mounjaro,0
2019-03-01,WORLD,Mounjaro,0
2019-04-01,WORLD,Mounjaro,0
2019-05-01,WORLD,Mounjaro,0
2019-06-01,WORLD,Mounjaro,0
2019-07-01,WORLD,Mounjaro,0
2019-08-01,WORLD,Mounjaro,0
2019-09-01,WORLD,Mounjaro,0
2019-10-01,WORLD,Mounjaro,0
2019-11-01,WORLD,Mounjaro,0
2019-12-01,WORLD,Mounjaro,0
2020-01-01,WORLD,Mounjaro,0
2020-02-01,WORLD,Mounjaro,0
2020-03-01,WORLD,Mounjaro,0
2020-04-01,WORLD,Mounjaro,0
2020-05-01,WORLD,Mounjaro,0
2020-06-01,WORLD,Mounjaro,0
2020-07-01,WORLD,Mounjaro,0
2020-08-01,WORLD,Mounjaro,0
2020-09-01,WORLD,Mounjaro,0
2020-10-01,WORLD,Mounjaro,0
2020-11-01,WORLD,Mounjaro,0
2020-12-01,WORLD,Mounjaro,0
2021-01-01,WORLD,Mounjaro,0
2021-02-01,WORLD,Mounjaro,0
2021-03-01,WORLD,Mounjaro,0
2021-04-01,WORLD,Mounjaro,0
2021-05-01,WORLD,Mounjaro,0
2021-06-01,WORLD,Mounjaro,0
2021-07-01,WORLD,Mounjaro,0
2021-08-01,WORLD,Mounjaro,0
2021-09-01,WORLD,Mounjaro,0
2021-10-01,WORLD,Mounjaro,0
2021-11-01,WORLD,Mounjaro,0
2021-12-01,WORLD,Mounjaro,0
2022-01-01,WORLD,Mounjaro,0
2022-02-01,WORLD,Mounjaro,0
2022-03-01,WORLD,Mounjaro,0
2022-04-01,WORLD,Mounjaro,0
2022-05-01,WORLD,Mounjaro,0
2022-06-01,WORLD,Mounjaro,1
2022-07-01,WORLD,Mounjaro,3
2022-08-01,WORLD,Mounjaro,4
2022-09-01,WORLD,Mounjaro,8
2022-10-01,WORLD,Mounjaro,10
2022-11-01,WORLD,Mounjaro,11
2022-12-01,WORLD,Mounjaro,11
2023-01-01,WORLD,Mounjaro,13
2023-02-01,WORLD,Mounjaro,11
2023-03-01,WORLD,Mounjaro,12
2023-04-01,WORLD,Mounjaro,14
2023-05-01,WORLD,Mounjaro,13
2023-06-01,WORLD,Mounjaro,14
2023-07-01,WORLD,Mounjaro,13
2023-08-01,WORLD,Mounjaro,11
2023-09-01,WORLD,Mounjaro,11
2023-10-01,WORLD,Mounjaro,12
2023-11-01,WORLD,Mounjaro,15
2023-12-01,WORLD,Mounjaro,14
2024-01-01,WORLD,Mounjaro,15
2024-02-01,WORLD,Mounjaro,16
2024-03-01,WORLD,Mounjaro,20
2024-04-01,WORLD,Mounjaro,20
2024-05-01,WORLD,Mounjaro,21
2024-06-01,WORLD,Mounjaro,21
2024-07-01,WORLD,Mounjaro,25
2024-08-01,WORLD,Mounjaro,25
2024-09-01,WORLD,Mounjaro,27
2024-10-01,WORLD,Mounjaro,30
2024-11-01,WORLD,Mounjaro,33
2024-12-01,WORLD,Mounjaro,35
2025-01-01,WORLD,Mounjaro,47
2025-02-01,WORLD,Mounjaro,50
2025-03-01,WORLD,Mounjaro,52
2025-04-01,WORLD,Mounjaro,61
2025-05-01,WORLD,Mounjaro,73
2025-06-01,WORLD,Mounjaro,71
2025-07-01,WORLD,Mounjaro,73
2025-08-01,WORLD,Mounjaro,94
2025-09-01,WORLD,Mounjaro,83
2025-10-01,WORLD,Mounjaro,81
2025-11-01,WORLD,Mounjaro,83
2025-12-01,WORLD,Mounjaro,79
2026-01-01,WORLD,Mounjaro,89
2026-02-01,WORLD,Mounjaro,83
2026-03-01,WORLD,Mounjaro,86
2026-04-01,WORLD,Mounjaro,83
2018-01-01,WORLD,Ozempic,0
2018-02-01,WORLD,Ozempic,0
2018-03-01,WORLD,Ozempic,0
2018-04-01,WORLD,Ozempic,0
2018-05-01,WORLD,Ozempic,0
2018-06-01,WORLD,Ozempic,0
2018-07-01,WORLD,Ozempic,1
2018-08-01,WORLD,Ozempic,1
2018-09-01,WORLD,Ozempic,1
2018-10-01,WORLD,Ozempic,1
2018-11-01,WORLD,Ozempic,1
2018-12-01,WORLD,Ozempic,1
2019-01-01,WORLD,Ozempic,1
2019-02-01,WORLD,Ozempic,1
2019-03-01,WORLD,Ozempic,1
2019-04-01,WORLD,Ozempic,1
2019-05-01,WORLD,Ozempic,2
2019-06-01,WORLD,Ozempic,2
2019-07-01,WORLD,Ozempic,2
2019-08-01,WORLD,Ozempic,2
2019-09-01,WORLD,Ozempic,2
2019-10-01,WORLD,Ozempic,3
2019-11-01,WORLD,Ozempic,3
2019-12-01,WORLD,Ozempic,3
2020-01-01,WORLD,Ozempic,4
2020-02-01,WORLD,Ozempic,3
2020-03-01,WORLD,Ozempic,3
2020-04-01,WORLD,Ozempic,2
2020-05-01,WORLD,Ozempic,3
2020-06-01,WORLD,Ozempic,3
2020-07-01,WORLD,Ozempic,4
2020-08-01,WORLD,Ozempic,4
2020-09-01,WORLD,Ozempic,4
2020-10-01,WORLD,Ozempic,4
2020-11-01,WORLD,Ozempic,4
2020-12-01,WORLD,Ozempic,4
2021-01-01,WORLD,Ozempic,5
2021-02-01,WORLD,Ozempic,7
2021-03-01,WORLD,Ozempic,7
2021-04-01,WORLD,Ozempic,7
2021-05-01,WORLD,Ozempic,7
2021-06-01,WORLD,Ozempic,9
2021-07-01,WORLD,Ozempic,9
2021-08-01,WORLD,Ozempic,9
2021-09-01,WORLD,Ozempic,11
2021-10-01,WORLD,Ozempic,11
2021-11-01,WORLD,Ozempic,12
2021-12-01,WORLD,Ozempic,10
2022-01-01,WORLD,Ozempic,13
2022-02-01,WORLD,Ozempic,17
2022-03-01,WORLD,Ozempic,17
2022-04-01,WORLD,Ozempic,18
2022-05-01,WORLD,Ozempic,20
2022-06-01,WORLD,Ozempic,21
2022-07-01,WORLD,Ozempic,22
2022-08-01,WORLD,Ozempic,24
2022-09-01,WORLD,Ozempic,25
2022-10-01,WORLD,Ozempic,30
2022-11-01,WORLD,Ozempic,32
2022-12-01,WORLD,Ozempic,33
2023-01-01,WORLD,Ozempic,55
2023-02-01,WORLD,Ozempic,49
2023-03-01,WORLD,Ozempic,65
2023-04-01,WORLD,Ozempic,62
2023-05-01,WORLD,Ozempic,65
2023-06-01,WORLD,Ozempic,73
2023-07-01,WORLD,Ozempic,62
2023-08-01,WORLD,Ozempic,56
2023-09-01,WORLD,Ozempic,55
2023-10-01,WORLD,Ozempic,61
2023-11-01,WORLD,Ozempic,58
2023-12-01,WORLD,Ozempic,57
2024-01-01,WORLD,Ozempic,65
2024-02-01,WORLD,Ozempic,69
2024-03-01,WORLD,Ozempic,80
2024-04-01,WORLD,Ozempic,87
2024-05-01,WORLD,Ozempic,100
2024-06-01,WORLD,Ozempic,87
2024-07-01,WORLD,Ozempic,84
2024-08-01,WORLD,Ozempic,81
2024-09-01,WORLD,Ozempic,90
2024-10-01,WORLD,Ozempic,82
2024-11-01,WORLD,Ozempic,76
2024-12-01,WORLD,Ozempic,76
2025-01-01,WORLD,Ozempic,87
2025-02-01,WORLD,Ozempic,83
2025-03-01,WORLD,Ozempic,81
2025-04-01,WORLD,Ozempic,78
2025-05-01,WORLD,Ozempic,80
2025-06-01,WORLD,Ozempic,76
2025-07-01,WORLD,Ozempic,73
2025-08-01,WORLD,Ozempic,88
2025-09-01,WORLD,Ozempic,73
2025-10-01,WORLD,Ozempic,76
2025-11-01,WORLD,Ozempic,71
2025-12-01,WORLD,Ozempic,72
2026-01-01,WORLD,Ozempic,73
2026-02-01,WORLD,Ozempic,68
2026-03-01,WORLD,Ozempic,80
2026-04-01,WORLD,Ozempic,70
2018-01-01,WORLD,Wegovy,0
2018-02-01,WORLD,Wegovy,0
2018-03-01,WORLD,Wegovy,0
2018-04-01,WORLD,Wegovy,0
2018-05-01,WORLD,Wegovy,0
2018-06-01,WORLD,Wegovy,0
2018-07-01,WORLD,Wegovy,0
2018-08-01,WORLD,Wegovy,0
2018-09-01,WORLD,Wegovy,0
2018-10-01,WORLD,Wegovy,0
2018-11-01,WORLD,Wegovy,0
2018-12-01,WORLD,Wegovy,0
2019-01-01,WORLD,Wegovy,0
2019-02-01,WORLD,Wegovy,0
2019-03-01,WORLD,Wegovy,0
2019-04-01,WORLD,Wegovy,0
2019-05-01,WORLD,Wegovy,0
2019-06-01,WORLD,Wegovy,0
2019-07-01,WORLD,Wegovy,0
2019-08-01,WORLD,Wegovy,0
2019-09-01,WORLD,Wegovy,0
2019-10-01,WORLD,Wegovy,0
2019-11-01,WORLD,Wegovy,0
2019-12-01,WORLD,Wegovy,0
2020-01-01,WORLD,Wegovy,0
2020-02-01,WORLD,Wegovy,0
2020-03-01,WORLD,Wegovy,0
2020-04-01,WORLD,Wegovy,0
2020-05-01,WORLD,Wegovy,0
2020-06-01,WORLD,Wegovy,0
2020-07-01,WORLD,Wegovy,0
2020-08-01,WORLD,Wegovy,0
2020-09-01,WORLD,Wegovy,0
2020-10-01,WORLD,Wegovy,0
2020-11-01,WORLD,Wegovy,0
2020-12-01,WORLD,Wegovy,0
2021-01-01,WORLD,Wegovy,0
2021-02-01,WORLD,Wegovy,0
2021-03-01,WORLD,Wegovy,0
2021-04-01,WORLD,Wegovy,0
2021-05-01,WORLD,Wegovy,0
2021-06-01,WORLD,Wegovy,4
2021-07-01,WORLD,Wegovy,2
2021-08-01,WORLD,Wegovy,2
2021-09-01,WORLD,Wegovy,2
2021-10-01,WORLD,Wegovy,2
2021-11-01,WORLD,Wegovy,2
2021-12-01,WORLD,Wegovy,2
2022-01-01,WORLD,Wegovy,2
2022-02-01,WORLD,Wegovy,3
2022-03-01,WORLD,Wegovy,3
2022-04-01,WORLD,Wegovy,4
2022-05-01,WORLD,Wegovy,3
2022-06-01,WORLD,Wegovy,3
2022-07-01,WORLD,Wegovy,3
2022-08-01,WORLD,Wegovy,3
2022-09-01,WORLD,Wegovy,3
2022-10-01,WORLD,Wegovy,5
2022-11-01,WORLD,Wegovy,5
2022-12-01,WORLD,Wegovy,6
2023-01-01,WORLD,Wegovy,15
2023-02-01,WORLD,Wegovy,14
2023-03-01,WORLD,Wegovy,16
2023-04-01,WORLD,Wegovy,17
2023-05-01,WORLD,Wegovy,20
2023-06-01,WORLD,Wegovy,19
2023-07-01,WORLD,Wegovy,17
2023-08-01,WORLD,Wegovy,17
2023-09-01,WORLD,Wegovy,18
2023-10-01,WORLD,Wegovy,15
2023-11-01,WORLD,Wegovy,16
2023-12-01,WORLD,Wegovy,15
2024-01-01,WORLD,Wegovy,17
2024-02-01,WORLD,Wegovy,18
2024-03-01,WORLD,Wegovy,22
2024-04-01,WORLD,Wegovy,20
2024-05-01,WORLD,Wegovy,24
2024-06-01,WORLD,Wegovy,25
2024-07-01,WORLD,Wegovy,26
2024-08-01,WORLD,Wegovy,25
2024-09-01,WORLD,Wegovy,26
2024-10-01,WORLD,Wegovy,29
2024-11-01,WORLD,Wegovy,27
2024-12-01,WORLD,Wegovy,26
2025-01-01,WORLD,Wegovy,30
2025-02-01,WORLD,Wegovy,28
2025-03-01,WORLD,Wegovy,28
2025-04-01,WORLD,Wegovy,28
2025-05-01,WORLD,Wegovy,33
2025-06-01,WORLD,Wegovy,32
2025-07-01,WORLD,Wegovy,33
2025-08-01,WORLD,Wegovy,45
2025-09-01,WORLD,Wegovy,45
2025-10-01,WORLD,Wegovy,41
2025-11-01,WORLD,Wegovy,41
2025-12-01,WORLD,Wegovy,42
2026-01-01,WORLD,Wegovy,60
2026-02-01,WORLD,Wegovy,56
2026-03-01,WORLD,Wegovy,58
2026-04-01,WORLD,Wegovy,57
2018-01-01,WORLD,Zepbound,0
2018-02-01,WORLD,Zepbound,0
2018-03-01,WORLD,Zepbound,0
2018-04-01,WORLD,Zepbound,0
2018-05-01,WORLD,Zepbound,0
2018-06-01,WORLD,Zepbound,0
2018-07-01,WORLD,Zepbound,0
2018-08-01,WORLD,Zepbound,0
2018-09-01,WORLD,Zepbound,0
2018-10-01,WORLD,Zepbound,0
2018-11-01,WORLD,Zepbound,0
2018-12-01,WORLD,Zepbound,0
2019-01-01,WORLD,Zepbound,0
2019-02-01,WORLD,Zepbound,0
2019-03-01,WORLD,Zepbound,0
2019-04-01,WORLD,Zepbound,0
2019-05-01,WORLD,Zepbound,0
2019-06-01,WORLD,Zepbound,0
2019-07-01,WORLD,Zepbound,0
2019-08-01,WORLD,Zepbound,0
2019-09-01,WORLD,Zepbound,0
2019-10-01,WORLD,Zepbound,0
2019-11-01,WORLD,Zepbound,0
2019-12-01,WORLD,Zepbound,0
2020-01-01,WORLD,Zepbound,0
2020-02-01,WORLD,Zepbound,0
2020-03-01,WORLD,Zepbound,0
2020-04-01,WORLD,Zepbound,0
2020-05-01,WORLD,Zepbound,0
2020-06-01,WORLD,Zepbound,0
2020-07-01,WORLD,Zepbound,0
2020-08-01,WORLD,Zepbound,0
2020-09-01,WORLD,Zepbound,0
2020-10-01,WORLD,Zepbound,0
2020-11-01,WORLD,Zepbound,0
2020-12-01,WORLD,Zepbound,0
2021-01-01,WORLD,Zepbound,0
2021-02-01,WORLD,Zepbound,0
2021-03-01,WORLD,Zepbound,0
2021-04-01,WORLD,Zepbound,0
2021-05-01,WORLD,Zepbound,0
2021-06-01,WORLD,Zepbound,0
2021-07-01,WORLD,Zepbound,0
2021-08-01,WORLD,Zepbound,0
2021-09-01,WORLD,Zepbound,0
2021-10-01,WORLD,Zepbound,0
2021-11-01,WORLD,Zepbound,0
2021-12-01,WORLD,Zepbound,0
2022-01-01,WORLD,Zepbound,0
2022-02-01,WORLD,Zepbound,0
2022-03-01,WORLD,Zepbound,0
2022-04-01,WORLD,Zepbound,0
2022-05-01,WORLD,Zepbound,0
2022-06-01,WORLD,Zepbound,0
2022-07-01,WORLD,Zepbound,0
2022-08-01,WORLD,Zepbound,0
2022-09-01,WORLD,Zepbound,0
2022-10-01,WORLD,Zepbound,0
2022-11-01,WORLD,Zepbound,0
2022-12-01,WORLD,Zepbound,0
2023-01-01,WORLD,Zepbound,0
2023-02-01,WORLD,Zepbound,0
2023-03-01,WORLD,Zepbound,0
2023-04-01,WORLD,Zepbound,0
2023-05-01,WORLD,Zepbound,0
2023-06-01,WORLD,Zepbound,0
2023-07-01,WORLD,Zepbound,0
2023-08-01,WORLD,Zepbound,0
2023-09-01,WORLD,Zepbound,0
2023-10-01,WORLD,Zepbound,0
2023-11-01,WORLD,Zepbound,6
2023-12-01,WORLD,Zepbound,6
2024-01-01,WORLD,Zepbound,8
2024-02-01,WORLD,Zepbound,9
2024-03-01,WORLD,Zepbound,12
2024-04-01,WORLD,Zepbound,12
2024-05-01,WORLD,Zepbound,10
2024-06-01,WORLD,Zepbound,9
2024-07-01,WORLD,Zepbound,10
2024-08-01,WORLD,Zepbound,12
2024-09-01,WORLD,Zepbound,10
2024-10-01,WORLD,Zepbound,11
2024-11-01,WORLD,Zepbound,11
2024-12-01,WORLD,Zepbound,14
2025-01-01,WORLD,Zepbound,17
2025-02-01,WORLD,Zepbound,18
2025-03-01,WORLD,Zepbound,19
2025-04-01,WORLD,Zepbound,21
2025-05-01,WORLD,Zepbound,24
2025-06-01,WORLD,Zepbound,23
2025-07-01,WORLD,Zepbound,23
2025-08-01,WORLD,Zepbound,29
2025-09-01,WORLD,Zepbound,28
2025-10-01,WORLD,Zepbound,26
2025-11-01,WORLD,Zepbound,28
2025-12-01,WORLD,Zepbound,29
2026-01-01,WORLD,Zepbound,32
2026-02-01,WORLD,Zepbound,30
2026-03-01,WORLD,Zepbound,31
2026-04-01,WORLD,Zepbound,31
